449.3401,0
451.2686,0
453.1971,0
455.1256,0
457.0541,0
458.9826,0
460.9111,0
462.8396,0
464.7681,0
466.6966,0
468.6251,0
470.5536,0
472.4821,0
474.4106,0
476.3391,0
478.2676,0
480.1961,0
482.1246,0
484.0531,0
485.9816,0
487.9101,0
489.8386,7.5545E-308
491.7671,1.3702E-306
493.6956,2.4705E-305
495.6241,4.4279E-304
497.5526,7.889E-303
499.4811,1.3972E-301
501.4096,2.4599E-300
503.3381,4.3052E-299
505.2666,7.4901E-298
507.1951,1.2954E-296
509.1236,2.227E-295
511.0521,3.8058E-294
512.9806,6.4655E-293
514.9091,1.0919E-291
516.8376,1.833E-290
518.7661,3.0588E-289
520.6946,5.0742E-288
522.6231,8.3675E-287
524.5516,1.3716E-285
526.4801,2.2351E-284
528.4086,3.6206E-283
530.3371,5.8301E-282
532.2656,9.3322E-281
534.1941,1.4849E-279
536.1226,2.3488E-278
538.0511,3.6932E-277
539.9796,5.7727E-276
541.9081,8.9695E-275
543.8365,1.3852E-273
545.7651,2.1271E-272
547.6935,3.2461E-271
549.6221,4.9258E-270
551.5506,7.4292E-269
553.4791,1.1138E-267
555.4076,1.6601E-266
557.3361,2.4594E-265
559.2646,3.6221E-264
561.1931,5.3028E-263
563.1216,7.7174E-262
565.05,1.1163E-260
566.9786,1.6056E-259
568.907,2.295E-258
570.8356,3.2619E-257
572.764,4.6073E-256
574.6926,6.4708E-255
576.621,9.0318E-254
578.5496,1.2535E-252
580.478,1.7289E-251
582.4066,2.371E-250
584.335,3.2315E-249
586.2635,4.3788E-248
588.192,5.8983E-247
590.1205,7.8978E-246
592.049,1.0512E-244
593.9775,1.391E-243
595.906,1.8295E-242
597.8345,2.3921E-241
599.7631,3.1096E-240
601.6915,4.0171E-239
603.6201,5.1602E-238
605.5485,6.5874E-237
607.4771,8.3616E-236
609.4055,1.0548E-234
611.334,1.3229E-233
613.2625,1.6493E-232
615.191,2.044E-231
617.1195,2.5181E-230
619.048,3.0838E-229
620.9765,3.7543E-228
622.905,4.5433E-227
624.8335,5.4655E-226
626.762,6.536E-225
628.6905,7.7697E-224
630.619,9.1815E-223
632.5475,1.0786E-221
634.476,1.2595E-220
636.4045,1.462E-219
638.333,1.687E-218
640.2615,1.9351E-217
642.19,2.2065E-216
644.1185,2.5011E-215
646.047,2.8181E-214
647.9755,3.1565E-213
649.904,3.5146E-212
651.8325,3.8901E-211
653.761,4.2802E-210
655.6895,4.6814E-209
657.618,5.0898E-208
659.5465,5.5011E-207
661.475,5.9103E-206
663.4035,6.3123E-205
665.332,6.7016E-204
667.2605,7.0727E-203
669.189,7.4201E-202
671.1175,7.7384E-201
673.046,8.0224E-200
674.9745,8.2675E-199
676.903,8.4696E-198
678.8315,8.6251E-197
680.7599,8.7303E-196
682.6885,8.7865E-195
684.6169,8.7885E-194
686.5455,8.7404E-193
688.4739,8.6389E-192
690.4025,8.49E-191
692.3309,8.2922E-190
694.2595,8.0528E-189
696.188,7.7731E-188
698.1165,7.4585E-187
700.045,7.1142E-186
701.9734,6.7448E-185
703.902,6.358E-184
705.8304,5.9565E-183
707.759,5.5486E-182
709.6874,5.1367E-181
711.616,4.7283E-180
713.5444,4.3255E-179
715.473,3.9345E-178
717.4014,3.5568E-177
719.33,3.197E-176
721.2584,2.8559E-175
723.187,2.5366E-174
725.1154,2.2391E-173
727.0439,1.9651E-172
728.9724,1.7143E-171
730.9009,1.4867E-170
732.8294,1.2816E-169
734.7579,1.0983E-168
736.6864,9.3559E-168
738.6149,7.9227E-167
740.5434,6.6693E-166
742.4719,5.5808E-165
744.4004,4.6423E-164
746.3289,3.8387E-163
748.2574,3.1554E-162
750.1859,2.5783E-161
752.1144,2.0943E-160
754.0429,1.691E-159
755.9714,1.3573E-158
757.8999,1.083E-157
759.8284,8.5899E-157
761.7569,6.7728E-156
763.6854,5.3083E-155
765.6139,4.1359E-154
767.5424,3.2033E-153
769.4709,2.4662E-152
771.3994,1.8875E-151
773.3279,1.436E-150
775.2564,1.086E-149
777.1849,8.1649E-149
779.1134,6.1019E-148
781.0419,4.5332E-147
782.9704,3.3477E-146
784.8989,2.4576E-145
786.8274,1.7935E-144
788.7559,1.3011E-143
790.6844,9.3823E-143
792.6129,6.7257E-142
794.5414,4.7927E-141
796.4699,3.395E-140
798.3984,2.3907E-139
800.3269,1.6734E-138
802.2554,1.1644E-137
804.1839,8.0545E-137
806.1124,5.5383E-136
808.0409,3.7856E-135
809.9694,2.5722E-134
811.8979,1.7373E-133
813.8264,1.1665E-132
815.7549,7.7858E-132
817.6833,5.1653E-131
819.6119,3.4071E-130
821.5403,2.2336E-129
823.4689,1.4559E-128
825.3973,9.4315E-128
827.3259,6.0748E-127
829.2543,3.8888E-126
831.1829,2.4752E-125
833.1113,1.5657E-124
835.0399,9.8477E-124
836.9683,6.1558E-123
838.8969,3.8259E-122
840.8253,2.3633E-121
842.7538,1.4513E-120
844.6824,8.8601E-120
846.6108,5.3761E-119
848.5394,3.2433E-118
850.4678,1.9447E-117
852.3964,1.1593E-116
854.3248,6.8691E-116
856.2534,4.0465E-115
858.1818,2.3692E-114
860.1104,1.3792E-113
862.0388,7.9796E-113
863.9673,4.5897E-112
865.8958,2.6243E-111
867.8243,1.4916E-110
869.7528,8.4277E-110
871.6813,4.7335E-109
873.6098,2.6428E-108
875.5383,1.4668E-107
877.4668,8.0927E-107
879.3953,4.4384E-106
881.3238,2.4198E-105
883.2523,1.3114E-104
885.1808,7.0652E-104
887.1093,3.7838E-103
889.0378,2.0144E-102
890.9663,1.066E-101
892.8948,5.6081E-101
894.8233,2.9327E-100
896.7518,1.5246E-99
898.6803,7.8785E-99
900.6088,4.04715E-98
902.5373,2.06667E-97
904.4658,1.04909E-96
906.3943,5.29378E-96
908.3228,2.65544E-95
910.2513,1.3241E-94
912.1798,6.56333E-94
914.1083,3.23401E-93
916.0368,1.58407E-92
917.9653,7.71301E-92
919.8938,3.73326E-91
921.8223,1.79626E-90
923.7508,8.59141E-90
925.6793,4.08485E-89
927.6078,1.93065E-88
929.5363,9.07082E-88
931.4648,4.23648E-87
933.3932,1.96673E-86
935.3218,9.07758E-86
937.2502,4.1643E-85
939.1788,1.89932E-84
941.1072,8.60995E-84
943.0358,3.8805E-83
944.9643,1.73843E-82
946.8928,7.74177E-82
948.8213,3.42721E-81
950.7498,1.50819E-80
952.6783,6.59763E-80
954.6068,2.86903E-79
956.5353,1.24022E-78
958.4637,5.32897E-78
960.3923,2.27651E-77
962.3207,9.66602E-77
964.2493,4.08043E-76
966.1777,1.71204E-75
968.1063,7.14174E-75
970.0347,2.96104E-74
971.9633,1.22058E-73
973.8917,5.00078E-73
975.8203,2.03699E-72
977.7487,8.24694E-72
979.6772,3.31928E-71
981.6057,1.32804E-70
983.5342,5.28195E-70
985.4627,2.0883E-69
987.3912,8.20742E-69
989.3197,3.20654E-68
991.2482,1.24532E-67
993.1768,4.8081E-67
995.1052,1.8451E-66
997.0338,7.03951E-66
998.9622,2.66944E-65
1000.891,1.00655E-64
1002.819,3.77072E-64
1004.748,1.40517E-63
1006.676,5.20178E-63
1008.605,1.91551E-62
1010.533,7.00715E-62
1012.462,2.54979E-61
1014.39,9.21709E-61
1016.319,3.31427E-60
1018.247,1.18388E-59
1020.176,4.20662E-59
1022.104,1.48487E-58
1024.033,5.21364E-58
1025.961,1.81856E-57
1027.89,6.30975E-57
1029.818,2.17486E-56
1031.747,7.45668E-56
1033.675,2.53979E-55
1035.604,8.60482E-55
1037.532,2.89619E-54
1039.461,9.69619E-54
1041.389,3.22492E-53
1043.318,1.0669E-52
1045.246,3.5065E-52
1047.175,1.14633E-51
1049.103,3.72299E-51
1051.032,1.2027E-50
1052.96,3.85986E-50
1054.889,1.23216E-49
1056.817,3.90765E-49
1058.746,1.23265E-48
1060.674,3.86297E-48
1062.603,1.20414E-47
1064.531,3.72898E-47
1066.46,1.14861E-46
1068.388,3.51497E-46
1070.317,1.06988E-45
1072.245,3.23531E-45
1074.174,9.73105E-45
1076.102,2.90785E-44
1078.031,8.64265E-44
1079.959,2.55207E-43
1081.888,7.49543E-43
1083.816,2.18713E-42
1085.745,6.3476E-42
1087.673,1.83029E-41
1089.602,5.2491E-41
1091.53,1.49565E-40
1093.459,4.23861E-40
1095.387,1.19344E-39
1097.316,3.34214E-39
1099.244,9.29894E-39
1101.173,2.57329E-38
1103.101,7.07506E-38
1105.03,1.9347E-37
1106.958,5.25641E-37
1108.887,1.42038E-36
1110.815,3.81339E-36
1112.744,1.01825E-35
1114.672,2.70145E-35
1116.601,7.12805E-35
1118.529,1.86872E-34
1120.458,4.87247E-34
1122.386,1.26228E-33
1124.315,3.25229E-33
1126.243,8.32583E-33
1128.172,2.11979E-32
1130.1,5.36245E-32
1132.029,1.34915E-31
1133.957,3.37258E-31
1135.886,8.3847E-31
1137.814,2.07121E-30
1139.743,5.08838E-30
1141.671,1.24208E-29
1143.6,3.01532E-29
1145.528,7.27337E-29
1147.457,1.74482E-28
1149.385,4.15897E-28
1151.314,9.85895E-28
1153.242,2.32219E-27
1155.171,5.43968E-27
1157.099,1.26612E-26
1159.028,2.93075E-26
1160.956,6.74081E-26
1162.885,1.54187E-25
1164.813,3.5044E-25
1166.742,7.92098E-25
1168.67,1.779E-24
1170.599,3.97349E-24
1172.527,8.81868E-24
1174.456,1.94639E-23
1176.384,4.26868E-23
1178.313,9.30998E-23
1180.241,2.01765E-22
1182.17,4.34842E-22
1184.098,9.31237E-22
1186.027,1.98324E-21
1187.955,4.19699E-21
1189.884,8.83251E-21
1191.812,1.84705E-20
1193.741,3.84109E-20
1195.669,7.93747E-20
1197.598,1.63113E-19
1199.526,3.3308E-19
1201.455,6.7637E-19
1203.383,1.36483E-18
1205.312,2.73869E-18
1207.24,5.46096E-18
1209.169,1.08284E-17
1211.097,2.13365E-17
1213.026,4.18071E-17
1214.954,8.1403E-17
1216.883,1.57615E-16
1218.811,3.03264E-16
1220.74,5.80239E-16
1222.668,1.10322E-15
1224.597,2.08583E-15
1226.525,3.91895E-15
1228.453,7.3194E-15
1230.382,1.35937E-14
1232.311,2.50966E-14
1234.239,4.60436E-14
1236.167,8.39732E-14
1238.096,1.52287E-13
1240.025,2.74536E-13
1241.953,4.91835E-13
1243.882,8.76166E-13
1245.81,1.5511E-12
1247.739,2.73046E-12
1249.667,4.77663E-12
1251.596,8.30899E-12
1253.524,1.43637E-11
1255.453,2.46901E-11
1257.381,4.21769E-11
1259.31,7.1641E-11
1261.238,1.20933E-10
1263.167,2.02984E-10
1265.095,3.38594E-10
1267.024,5.61598E-10
1268.952,9.2571E-10
1270.88,1.51685E-09
1272.809,2.47135E-09
1274.738,4.00259E-09
1276.666,6.44252E-09
1278.594,1.03083E-08
1280.523,1.63999E-08
1282.452,2.59363E-08
1284.38,4.0765E-08
1286.308,6.36921E-08
1288.237,9.8946E-08
1290.166,1.52801E-07
1292.094,2.34515E-07
1294.022,3.57795E-07
1295.951,5.42759E-07
1297.88,8.18454E-07
1299.808,1.22661E-06
1301.736,1.8274E-06
1303.665,2.70687E-06
1305.594,3.98579E-06
1307.522,5.83299E-06
1309.45,8.48564E-06
1311.379,1.22738E-05
1313.307,1.76443E-05
1315.236,2.5219E-05
1317.164,3.5825E-05
1319.093,5.05988E-05
1321.021,7.10284E-05
1322.95,9.91323E-05
1324.878,0.000137512
1326.807,0.00018965
1328.735,0.000259962
1330.664,0.000354286
1332.592,0.000479893
1334.521,0.000646275
1336.449,0.000865049
1338.378,0.001151182
1340.307,0.001522867
1342.235,0.002002319
1344.163,0.002617107
1346.092,0.003400832
1348.021,0.00439302
1349.949,0.00564027
1351.877,0.007198693
1353.806,0.009134345
1355.734,0.011520303
1357.663,0.014445006
1359.591,0.018002671
1361.52,0.022305955
1363.448,0.027470893
1365.377,0.033634633
1367.305,0.040932795
1369.234,0.049523959
1371.162,0.059556997
1373.091,0.071204396
1375.019,0.084616873
1376.948,0.099968009
1378.876,0.11739347
1380.805,0.137049691
1382.733,0.159035358
1384.662,0.183466959
1386.59,0.210380859
1388.519,0.239828311
1390.447,0.271757503
1392.376,0.30612995
1394.304,0.342783294
1396.233,0.381569784
1398.161,0.422202243
1400.09,0.464413586
1402.018,0.507790076
1403.947,0.551948606
1405.875,0.596362966
1407.804,0.640553119
1409.732,0.683911501
1411.661,0.725896068
1413.589,0.76586449
1415.518,0.803260705
1417.446,0.837465151
1419.375,0.867963345
1421.303,0.894219917
1423.232,0.915817698
1425.16,0.932362329
1427.089,0.9435816
1429.017,0.949265904
1430.946,0.949320107
1432.874,0.943743189
1434.803,0.932628494
1436.731,0.916183705
1438.66,0.894679456
1440.588,0.868508515
1442.517,0.838086866
1444.445,0.803948783
1446.374,0.766608073
1448.302,0.726683783
1450.231,0.684731846
1452.159,0.641394659
1454.088,0.597214646
1456.016,0.552799949
1457.945,0.508631387
1459.873,0.465236129
1461.802,0.422998326
1463.73,0.382332888
1465.659,0.343508055
1467.587,0.306812229
1469.516,0.272394281
1471.444,0.240417712
1473.373,0.210921976
1475.301,0.183959846
1477.23,0.15948082
1479.158,0.137449258
1481.087,0.117749175
1483.015,0.10028236
1484.944,0.084892646
1486.872,0.071444611
1488.801,0.059764743
1490.729,0.049702381
1492.658,0.041084956
1494.586,0.033763518
1496.515,0.027579309
1498.443,0.022396542
1500.372,0.018077847
1502.3,0.014506981
1504.229,0.011571052
1506.157,0.00917563
1508.086,0.007232055
1510.014,0.005667056
1511.943,0.004413808
1513.871,0.003417763
1515.8,0.002630437
1517.728,0.002012747
1519.657,0.001530753
1521.585,0.001157442
1523.514,0.000869852
1525.442,0.000649938
1527.371,0.000482667
1529.299,0.000356375
1531.228,0.000261525
1533.156,0.000190812
1535.085,0.00013837
1537.013,9.97624E-05
1538.942,7.1488E-05
1540.87,5.0932E-05
1542.799,3.60651E-05
1544.727,2.53909E-05
1546.656,1.77666E-05
1548.584,1.23602E-05
1550.513,8.54641E-06
1552.441,5.87543E-06
1554.37,4.01445E-06
1556.298,2.72718E-06
1558.227,1.84133E-06
1560.155,1.2361E-06
1562.084,8.24705E-07
1564.012,5.47083E-07
1565.941,3.60686E-07
1567.869,2.36437E-07
1569.798,1.54036E-07
1571.726,9.97798E-08
1573.655,6.42361E-08
1575.583,4.11179E-08
1577.512,2.61576E-08
1579.44,1.65456E-08
1581.369,1.04011E-08
1583.297,6.50126E-09
1585.226,4.03854E-09
1587.154,2.49445E-09
1589.083,1.5312E-09
1591.011,9.34577E-10
1592.94,5.66894E-10
1594.868,3.41915E-10
1596.797,2.04944E-10
1598.725,1.22147E-10
1600.654,7.23487E-11
1602.582,4.26101E-11
1604.511,2.49396E-11
1606.439,1.45145E-11
1608.368,8.39481E-12
1610.296,4.82789E-12
1612.225,2.75927E-12
1614.153,1.5681E-12
1616.082,8.85608E-13
1618.01,4.97341E-13
1619.939,2.77556E-13
1621.867,1.54027E-13
1623.796,8.49422E-14
1625.724,4.65802E-14
1627.653,2.53839E-14
1629.581,1.37553E-14
1631.51,7.40725E-15
1633.438,3.96643E-15
1635.367,2.11066E-15
1637.295,1.11685E-15
1639.224,5.87275E-16
1641.152,3.07079E-16
1643.081,1.59561E-16
1645.009,8.24459E-17
1646.938,4.23328E-17
1648.866,2.16148E-17
1650.795,1.0967E-17
1652.723,5.53345E-18
1654.652,2.77436E-18
1656.58,1.38326E-18
1658.509,6.85332E-19
1660.437,3.37655E-19
1662.366,1.65311E-19
1664.294,8.04834E-20
1666.223,3.89372E-20
1668.151,1.87328E-20
1670.08,8.95551E-21
1672.008,4.25756E-21
1673.937,2.01131E-21
1675.865,9.44892E-22
1677.794,4.41093E-22
1679.722,2.0477E-22
1681.651,9.44592E-23
1683.579,4.33324E-23
1685.508,1.97525E-23
1687.436,8.95412E-24
1689.365,4.03331E-24
1691.293,1.80674E-24
1693.222,8.04199E-25
1695.15,3.55984E-25
1697.079,1.56577E-25
1699.007,6.84902E-26
1700.936,2.97685E-26
1702.864,1.28674E-26
1704.793,5.52647E-27
1706.721,2.36055E-27
1708.65,1.00185E-27
1710.578,4.22863E-28
1712.507,1.77345E-28
1714.435,7.39689E-29
1716.364,3.06547E-29
1718.292,1.26346E-29
1720.221,5.17416E-30
1722.149,2.10735E-30
1724.078,8.52795E-31
1726.006,3.43221E-31
1727.935,1.3725E-31
1729.863,5.4585E-32
1731.792,2.15696E-32
1733.72,8.47689E-33
1735.649,3.31006E-33
1737.577,1.28547E-33
1739.506,4.96011E-34
1741.434,1.90349E-34
1743.363,7.25789E-35
1745.291,2.75234E-35
1747.22,1.03703E-35
1749.148,3.88613E-36
1751.077,1.44689E-36
1753.005,5.35789E-37
1754.934,1.97126E-37
1756.862,7.2133E-38
1758.791,2.62249E-38
1760.719,9.4828E-39
1762.648,3.40679E-39
1764.576,1.21731E-39
1766.505,4.32157E-40
1768.433,1.52591E-40
1770.362,5.35303E-41
1772.29,1.86776E-41
1774.219,6.47472E-42
1776.147,2.23242E-42
1778.076,7.64724E-43
1780.004,2.6055E-43
1781.933,8.81964E-44
1783.861,2.96941E-44
1785.79,9.93254E-45
1787.718,3.30456E-45
1789.647,1.09228E-45
1791.575,3.59102E-46
1793.504,1.17292E-46
1795.432,3.81053E-47
1797.361,1.22989E-47
1799.289,3.94835E-48
1801.218,1.25929E-48
1803.146,3.99493E-49
1805.075,1.25907E-49
1807.003,3.94698E-50
1808.932,1.22924E-50
1810.86,3.80789E-51
1812.789,1.17188E-51
1814.717,3.58728E-52
1816.646,1.09093E-52
1818.574,3.29997E-53
1820.503,9.91677E-54
1822.431,2.96427E-54
1824.36,8.80253E-55
1826.288,2.60008E-55
1828.217,7.6297E-56
1830.145,2.227E-56
1832.074,6.45759E-57
1834.002,1.86258E-57
1835.931,5.33698E-58
1837.859,1.52116E-58
1839.788,4.30709E-59
1841.716,1.2131E-59
1843.645,3.39418E-60
1845.573,9.44667E-61
1847.502,2.61186E-61
1849.43,7.18333E-62
1851.359,1.96257E-62
1853.287,5.33378E-63
1855.216,1.44001E-63
1857.144,3.86729E-64
1859.073,1.03173E-64
1861.001,2.73806E-65
1862.93,7.21827E-66
1864.858,1.89295E-66
1866.786,4.93474E-67
1868.715,1.27791E-67
1870.644,3.28966E-68
1872.572,8.42411E-69
1874.5,2.14444E-69
1876.429,5.42263E-70
1878.358,1.36308E-70
1880.286,3.40847E-71
1882.215,8.46643E-72
1884.143,2.09204E-72
1886.072,5.13502E-73
1888,1.25385E-73
1889.929,3.04121E-74
1891.857,7.33809E-75
1893.786,1.75879E-75
1895.714,4.19356E-76
1897.643,9.93217E-77
1899.571,2.34016E-77
1901.5,5.47693E-78
1903.428,1.27518E-78
1905.357,2.94912E-79
1907.285,6.78516E-80
1909.214,1.55064E-80
1911.142,3.52542E-81
1913.071,7.96145E-82
1914.999,1.78865E-82
1916.927,3.99461E-83
1918.856,8.86139E-84
1920.785,1.95408E-84
1922.713,4.28688E-85
1924.641,9.34882E-86
1926.57,2.02509E-86
1928.499,4.36059E-87
1930.427,9.34133E-88
1932.355,1.98925E-88
1934.284,4.20762E-89
1936.213,8.84705E-90
1938.141,1.85066E-90
1940.069,3.84834E-91
1941.998,7.94842E-92
1943.927,1.63193E-92
1945.855,3.33348E-93
1947.783,6.76876E-94
1949.712,1.36514E-94
1951.641,2.7369E-95
1953.569,5.45906E-96
1955.497,1.08242E-96
1957.426,2.13168E-97
1959.354,4.17669E-98
1961.283,8.1281E-99
1963.211,1.5737E-99
1965.14,3.0264E-100
1967.068,5.7902E-101
1968.997,1.1003E-101
1970.925,2.0803E-102
1972.854,3.9063E-103
1974.782,7.2981E-104
1976.711,1.3542E-104
1978.639,2.5001E-105
1980.568,4.5843E-106
1982.496,8.3633E-107
1984.425,1.5154E-107
1986.354,2.7294E-108
1988.282,4.8913E-109
1990.21,8.7135E-110
1992.139,1.5417E-110
1994.068,2.7115E-111
1995.996,4.7448E-112
1997.924,8.2539E-113
1999.853,1.426E-113
2001.781,2.4512E-114
2003.71,4.1848E-115
2005.638,7.1085E-116
2007.567,1.1992E-116
2009.495,2.0129E-117
2011.424,3.3557E-118
2013.352,5.5661E-119
2015.281,9.1691E-120
2017.209,1.5029E-120
2019.138,2.4464E-121
2021.066,3.9625E-122
2022.995,6.3739E-123
2024.923,1.0202E-123
2026.852,1.6216E-124
2028.78,2.5647E-125
2030.709,4.0285E-126
2032.637,6.2961E-127
2034.566,9.7724E-128
2036.494,1.5093E-128
2038.423,2.3149E-129
2040.351,3.5328E-130
2042.28,5.3544E-131
2044.208,8.0749E-132
2046.137,1.2094E-132
2048.065,1.8023E-133
2049.994,2.6673E-134
2051.922,3.9279E-135
2053.851,5.7444E-136
2055.779,8.3593E-137
2057.708,1.208E-137
2059.636,1.7372E-138
2061.565,2.4807E-139
2063.493,3.5251E-140
2065.422,4.9744E-141
2067.35,6.985E-142
2069.279,9.7402E-143
2071.207,1.3515E-143
2073.136,1.8623E-144
2075.064,2.5536E-145
2076.993,3.477E-146
2078.921,4.7112E-147
2080.85,6.339E-148
2082.778,8.4875E-149
2084.707,1.1285E-149
2086.635,1.4931E-150
2088.564,1.9617E-151
2090.492,2.5648E-152
2092.421,3.33E-153
2094.349,4.3022E-154
2096.278,5.5196E-155
2098.206,7.0468E-156
2100.135,8.9337E-157
2102.063,1.1271E-157
2103.992,1.412E-158
2105.92,1.7603E-159
2107.849,2.1791E-160
2109.777,2.6845E-161
2111.706,3.2839E-162
2113.634,3.9977E-163
2115.563,4.8325E-164
2117.491,5.8133E-165
2119.42,6.944E-166
2121.348,8.2546E-167
2123.277,9.7435E-168
2125.205,1.1445E-168
2127.134,1.335E-169
2129.062,1.5496E-170
2130.991,1.7861E-171
2132.919,2.0488E-172
2134.848,2.3335E-173
2136.776,2.645E-174
2138.705,2.9769E-175
2140.633,3.3343E-176
2142.562,3.7083E-177
2144.49,4.1045E-178
2146.419,4.5109E-179
2148.347,4.9337E-180
2150.276,5.358E-181
2152.204,5.791E-182
2154.133,6.2146E-183
2156.061,6.6373E-184
2157.99,7.0385E-185
2159.918,7.4284E-186
2161.847,7.7842E-187
2163.775,8.1182E-188
2165.704,8.4064E-189
2167.632,8.6633E-190
2169.561,8.8647E-191
2171.489,9.0277E-192
2173.418,9.1282E-193
2175.346,9.1861E-194
2177.275,9.1785E-195
2179.203,9.1274E-196
2181.132,9.0119E-197
2183.06,8.8557E-198
2184.989,8.6402E-199
2186.917,8.3901E-200
2188.846,8.089E-201
2190.774,7.7619E-202
2192.703,7.3949E-203
2194.631,7.0119E-204
2196.56,6.6013E-205
2198.488,6.1854E-206
2200.417,5.7542E-207
2202.345,5.328E-208
2204.274,4.8979E-209
2206.202,4.4814E-210
2208.131,4.071E-211
2210.059,3.6807E-212
2211.988,3.304E-213
2213.916,2.952E-214
2215.845,2.6185E-215
2217.773,2.3118E-216
2219.702,2.0264E-217
2221.63,1.7679E-218
2223.559,1.5313E-219
2225.487,1.3202E-220
2227.416,1.13E-221
2229.344,9.6265E-223
2231.273,8.142E-224
2233.201,6.8543E-225
2235.13,5.7287E-226
2237.058,4.7656E-227
2238.987,3.9359E-228
2240.915,3.2355E-229
2242.844,2.6405E-230
2244.772,2.145E-231
2246.701,1.7298E-232
2248.629,1.3886E-233
2250.558,1.1066E-234
2252.486,8.7777E-236
2254.415,6.9123E-237
2256.343,5.4182E-238
2258.272,4.2162E-239
2260.2,3.2658E-240
2262.129,2.5112E-241
2264.057,1.9221E-242
2265.986,1.4605E-243
2267.914,1.1047E-244
2269.843,8.2948E-246
2271.771,6.1996E-247
2273.7,4.6E-248
2275.628,3.3974E-249
2277.557,2.491E-250
2279.485,1.818E-251
2281.414,1.3172E-252
2283.342,9.4997E-254
2285.271,6.8013E-255
2287.199,4.8471E-256
2289.128,3.4292E-257
2291.056,2.415E-258
2292.985,1.6884E-259
2294.913,1.175E-260
2296.842,8.117E-262
2298.77,5.5819E-263
2300.699,3.8105E-264
2302.627,2.5895E-265
2304.556,1.7468E-266
2306.484,1.173E-267
2308.413,7.8192E-269
2310.341,5.1886E-270
2312.27,3.4178E-271
2314.198,2.2411E-272
2316.127,1.4588E-273
2318.055,9.4523E-275
2319.984,6.0798E-276
2321.912,3.8929E-277
2323.841,2.4743E-278
2325.769,1.5656E-279
2327.698,9.8331E-281
2329.626,6.1481E-282
2331.555,3.8158E-283
2333.483,2.3576E-284
2335.412,1.4459E-285
2337.34,8.828E-287
2339.269,5.3501E-288
2341.197,3.2279E-289
2343.126,1.9331E-290
2345.054,1.1525E-291
2346.983,6.8201E-293
2348.911,4.018E-294
2350.84,2.3496E-295
2352.768,1.3679E-296
2354.697,7.9045E-298
2356.625,4.5473E-299
2358.554,2.5966E-300
2360.482,1.4761E-301
2362.411,8.3292E-303
2364.339,4.679E-304
2366.268,2.6089E-305
2368.196,1.4483E-306
2370.125,7.9797E-308
2372.053,0
2373.982,0
2375.91,0
2377.839,0
2379.767,0
2381.696,0
2383.624,0
2385.553,0
2387.481,0
2389.41,0
2391.338,0
2393.267,0
2395.195,0
2397.124,0
2399.052,0
2400.981,0
2402.909,0
2404.838,0
2406.766,0
2408.695,0
2410.623,0
2412.552,0
2414.48,0
2416.409,0
2418.337,0
2420.266,0
2422.194,0
2424.123,0
2426.051,0
2427.98,0
2429.908,0
2431.837,0
2433.765,0
2435.694,0
2437.622,0
2439.551,0
2441.479,0
2443.408,0
2445.336,0
2447.265,0
2449.193,0
2451.122,0
2453.05,0
2454.979,0
2456.907,0
2458.836,0
2460.764,0
2462.693,0
2464.621,0
2466.55,0
2468.478,0
2470.406,0
2472.335,0
2474.264,0
2476.192,0
2478.121,0
2480.049,0
2481.978,0
2483.906,0
2485.834,0
2487.763,0
2489.692,0
2491.62,0
2493.549,0
2495.477,0
2497.406,0
2499.334,0
2501.262,0
2503.191,0
2505.12,0
2507.048,0
2508.977,0
2510.905,0
2512.833,0
2514.762,0
2516.69,0
2518.619,0
2520.548,0
2522.476,0
2524.405,0
2526.333,0
2528.261,0
2530.19,0
2532.119,0
2534.047,0
2535.976,0
2537.904,0
2539.833,0
2541.761,0
2543.689,0
2545.618,0
2547.547,0
2549.475,0
2551.404,0
2553.332,0
2555.26,0
2557.189,0
2559.117,0
2561.046,0
2562.975,0
2564.903,0
2566.832,0
2568.76,0
2570.688,0
2572.617,0
2574.545,0
2576.474,0
2578.403,0
2580.331,0
2582.26,0
2584.188,0
2586.116,0
2588.045,0
2589.973,0
2591.902,0
2593.831,0
2595.759,0
2597.688,0
2599.616,0
2601.544,0
2603.473,0
2605.401,0
2607.33,0
2609.259,0
2611.187,0
2613.115,0
2615.044,0
2616.972,0
2618.901,0
2620.829,0
2622.758,0
2624.687,0
2626.615,0
2628.543,0
2630.472,0
2632.4,0
2634.329,0
2636.258,0
2638.186,0
2640.115,0
2642.043,0
2643.971,0
2645.9,0
2647.828,0
2649.757,0
2651.686,0
2653.614,0
2655.542,0
2657.471,0
2659.399,0
2661.328,0
2663.256,0
2665.185,0
2667.114,0
2669.042,0
2670.97,0
2672.899,0
2674.827,0
2676.756,0
2678.684,0
2680.613,0
2682.542,0
2684.47,0
2686.398,0
2688.327,0
2690.255,0
2692.184,0
2694.112,0
2696.041,0
2697.969,0
2699.898,0
2701.826,0
2703.755,0
2705.683,0
2707.612,0
2709.54,0
2711.469,0
2713.397,0
2715.326,0
2717.254,0
2719.183,0
2721.111,0
2723.04,0
2724.969,0
2726.897,0
2728.825,0
2730.754,0
2732.682,0
2734.611,0
2736.539,0
2738.468,0
2740.396,0
2742.325,0
2744.253,0
2746.182,0
2748.11,0
2750.039,0
2751.967,0
2753.896,0
2755.824,0
2757.753,0
2759.681,0
2761.61,0
2763.538,0
2765.467,0
2767.395,0
2769.324,0
2771.252,0
2773.181,0
2775.109,0
2777.038,0
2778.966,0
2780.895,0
2782.823,0
2784.752,0
2786.68,0
2788.609,0
2790.537,0
2792.466,0
2794.394,0
2796.323,0
2798.251,0
2800.18,0
2802.108,0
2804.037,0
2805.965,0
2807.894,0
2809.822,0
2811.751,0
2813.679,0
2815.608,0
2817.536,0
2819.465,0
2821.393,0
2823.322,0
2825.25,0
2827.179,0
2829.107,0
2831.036,0
2832.964,0
2834.893,0
2836.821,0
2838.75,0
2840.678,0
2842.607,0
2844.535,0
2846.464,0
2848.392,0
2850.321,0
2852.249,0
2854.178,0
2856.106,0
2858.035,0
2859.963,0
2861.892,0
2863.82,0
2865.749,0
2867.677,0
2869.606,0
2871.534,0
2873.463,0
2875.391,0
2877.32,0
2879.248,0
2881.177,0
2883.105,0
2885.034,0
2886.962,0
2888.891,0
2890.819,0
2892.748,0
2894.676,0
2896.605,0
2898.533,0
2900.462,0
2902.39,0
2904.319,0
2906.247,0
2908.176,0
2910.104,0
2912.033,0
2913.961,0
2915.89,0
2917.818,0
2919.747,0
2921.675,0
2923.604,0
2925.532,0
2927.461,0
2929.389,0
2931.318,0
2933.246,0
2935.175,0
2937.103,0
2939.032,0
2940.96,0
2942.889,0
2944.817,0
2946.746,0
2948.674,0
2950.603,0
2952.531,0
2954.46,0
2956.388,0
2958.317,0
2960.245,0
2962.174,0
2964.102,0
2966.031,0
2967.959,0
2969.888,0
2971.816,0
2973.745,0
2975.673,0
2977.602,0
2979.53,0
2981.459,0
2983.387,0
2985.316,0
2987.244,0
2989.173,0
2991.101,0
2993.03,0
2994.958,0
2996.887,0
2998.815,0
3000.744,0
3002.672,0
3004.601,0
3006.529,0
3008.458,0
3010.386,0
3012.315,0
3014.243,0
3016.172,0
3018.1,0
3020.029,0
3021.957,0
3023.886,0
3025.814,0
3027.743,0
3029.671,0
3031.6,0
3033.528,0
3035.457,0
3037.385,0
3039.314,0
3041.242,0
3043.171,0
3045.099,0
3047.028,0
3048.956,0
3050.885,0
3052.813,0
3054.742,0
3056.67,0
3058.599,0
3060.527,0
3062.456,0
3064.384,0
3066.313,0
3068.241,0
3070.17,0
3072.098,0
3074.027,0
3075.955,0
3077.884,0
3079.812,0
3081.741,0
3083.669,0
3085.598,0
3087.526,0
3089.455,0
3091.383,0
3093.312,0
3095.24,0
3097.169,0
3099.097,0
3101.026,0
3102.954,0
3104.883,0
3106.811,0
3108.74,0
3110.668,0
3112.597,0
3114.525,0
3116.454,0
3118.382,0
3120.311,0
3122.239,0
3124.167,0
3126.096,0
3128.025,0
3129.953,0
3131.882,0
3133.81,0
3135.739,0
3137.667,0
3139.595,0
3141.524,0
3143.453,0
3145.381,0
3147.31,0
3149.238,0
3151.167,0
3153.095,0
3155.023,0
3156.952,0
3158.881,0
3160.809,0
3162.738,0
3164.666,0
3166.594,0
3168.523,0
3170.452,0
3172.38,0
3174.309,0
3176.237,0
3178.166,0
3180.094,0
3182.022,0
3183.951,0
3185.88,0
3187.808,0
3189.737,0
3191.665,0
3193.594,0
3195.522,0
3197.45,0
3199.379,0
3201.308,0
3203.236,0
3205.165,0
3207.093,0
3209.021,0
3210.95,0
3212.878,0
3214.807,0
3216.736,0
3218.664,0
3220.593,0
3222.521,0
3224.449,0
3226.378,0
3228.306,0
3230.235,0
3232.164,0
3234.092,0
3236.021,0
3237.949,0
3239.877,0
3241.806,0
3243.734,0
3245.663,0
3247.592,0
3249.52,0
3251.448,0
3253.377,0
3255.305,0
3257.234,0
3259.162,0
3261.091,0
3263.02,0
3264.948,0
3266.876,0
3268.805,0
3270.733,0
3272.662,0
3274.591,0
3276.519,0
3278.448,0
3280.376,0
3282.304,0
3284.233,0
3286.161,0
3288.09,0
3290.019,0
3291.947,0
3293.875,0
3295.804,0
3297.732,0
3299.661,0
3301.589,0
3303.518,0
3305.447,0
3307.375,0
3309.303,0
3311.232,0
3313.16,0
3315.089,0
3317.017,0
3318.946,0
3320.875,0
3322.803,0
3324.731,0
3326.66,0
3328.588,0
3330.517,0
3332.445,0
3334.374,0
3336.302,0
3338.231,0
3340.159,0
3342.088,0
3344.016,0
3345.945,0
3347.873,0
3349.802,0
3351.73,0
3353.659,0
3355.587,0
3357.516,0
3359.444,0
3361.373,0
3363.302,0
3365.23,0
3367.158,0
3369.087,0
3371.015,0
3372.944,0
3374.872,0
3376.801,0
3378.729,0
3380.658,0
3382.586,0
3384.515,0
3386.443,0
3388.372,0
3390.3,0
3392.229,0
3394.157,0
3396.086,0
3398.014,0
3399.943,0
3401.871,0
3403.8,0
3405.728,0
3407.657,0
3409.585,0
3411.514,0
3413.442,0
3415.371,0
3417.299,0
3419.228,0
3421.156,0
3423.085,0
3425.013,0
3426.942,0
3428.87,0
3430.799,0
3432.727,0
3434.656,0
3436.584,0
3438.513,0
3440.441,0
3442.37,0
3444.298,0
3446.227,0
3448.155,0
3450.084,0
3452.012,0
3453.941,0
3455.869,0
3457.798,0
3459.726,0
3461.655,0
3463.583,0
3465.512,0
3467.44,0
3469.369,0
3471.297,0
3473.226,0
3475.154,0
3477.083,0
3479.011,0
3480.94,0
3482.868,0
3484.797,0
3486.725,0
3488.654,0
3490.582,0
3492.511,0
3494.439,0
3496.368,0
3498.296,0
3500.225,0
3502.153,0
3504.082,0
3506.01,0
3507.939,0
3509.867,0
3511.796,0
3513.724,0
3515.653,0
3517.581,0
3519.51,0
3521.438,0
3523.367,0
3525.295,0
3527.224,0
3529.152,0
3531.081,0
3533.009,0
3534.938,0
3536.866,0
3538.795,0
3540.723,0
3542.652,0
3544.58,0
3546.509,0
3548.437,0
3550.366,0
3552.294,0
3554.223,0
3556.151,0
3558.08,0
3560.008,0
3561.937,0
3563.865,0
3565.794,0
3567.722,0
3569.651,0
3571.579,0
3573.508,0
3575.436,0
3577.365,0
3579.293,0
3581.222,0
3583.15,0
3585.079,0
3587.007,0
3588.936,0
3590.864,0
3592.793,0
3594.721,0
3596.65,0
3598.578,0
3600.507,0
3602.435,0
3604.364,0
3606.292,0
3608.221,0
3610.149,0
3612.078,0
3614.006,0
3615.935,0
3617.863,0
3619.792,0
3621.72,0
3623.649,0
3625.577,0
3627.506,0
3629.434,0
3631.363,0
3633.291,0
3635.22,0
3637.148,0
3639.077,0
3641.005,0
3642.934,0
3644.862,0
3646.791,0
3648.719,0
3650.648,0
3652.576,0
3654.505,0
3656.433,0
3658.362,0
3660.29,0
3662.219,0
3664.147,0
3666.076,0
3668.004,0
3669.933,0
3671.861,0
3673.79,0
3675.718,0
3677.647,0
3679.575,0
3681.504,0
3683.432,0
3685.361,0
3687.289,0
3689.218,0
3691.146,0
3693.075,0
3695.003,0
3696.932,0
3698.86,0
3700.789,0
3702.717,0
3704.646,0
3706.574,0
3708.503,0
3710.431,0
3712.36,0
3714.288,0
3716.217,0
3718.145,0
3720.074,0
3722.002,0
3723.931,0
3725.859,0
3727.788,0
3729.716,0
3731.645,0
3733.573,0
3735.502,0
3737.43,0
3739.359,0
3741.287,0
3743.216,0
3745.144,0
3747.073,0
3749.001,0
3750.93,0
3752.858,0
3754.787,0
3756.715,0
3758.644,0
3760.572,0
3762.5,0
3764.429,0
3766.358,0
3768.286,0
3770.215,0
3772.143,0
3774.072,0
3776,0
3777.928,0
3779.857,0
3781.786,0
3783.714,0
3785.643,0
3787.571,0
3789.5,0
3791.428,0
3793.356,0
3795.285,0
3797.214,0
3799.142,0
3801.071,0
3802.999,0
3804.927,0
3806.856,0
3808.785,0
3810.713,0
3812.642,0
3814.57,0
3816.499,0
3818.427,0
3820.355,0
3822.284,0
3824.213,0
3826.141,0
3828.07,0
3829.998,0
3831.927,0
3833.855,0
3835.783,0
3837.712,0
3839.641,0
3841.569,0
3843.498,0
3845.426,0
3847.354,0
3849.283,0
3851.211,0
3853.14,0
3855.069,0
3856.997,0
3858.926,0
3860.854,0
3862.782,0
3864.711,0
3866.639,0
3868.568,0
3870.497,0
3872.425,0
3874.354,0
3876.282,0
3878.21,0
3880.139,0
3882.067,0
3883.996,0
3885.925,0
3887.853,0
3889.781,0
3891.71,0
3893.638,0
3895.567,0
3897.495,0
3899.424,0
3901.353,0
3903.281,0
3905.209,0
3907.138,0
3909.066,0
3910.995,0
3912.924,0
3914.852,0
3916.781,0
3918.709,0
3920.637,0
3922.566,0
3924.494,0
3926.423,0
3928.352,0
3930.28,0
3932.208,0
3934.137,0
3936.065,0
3937.994,0
3939.922,0
3941.851,0
3943.78,0
3945.708,0
3947.636,0
3949.565,0
3951.493,0
3953.422,0
3955.35,0
3957.279,0
3959.208,0
3961.136,0
3963.064,0
3964.993,0
3966.921,0
3968.85,0
3970.778,0
3972.707,0
3974.635,0
3976.564,0
3978.492,0
3980.421,0
3982.349,0
3984.278,0
3986.206,0
3988.135,0
3990.063,0
3991.992,0
3993.92,0
3995.849,0
3997.777,0
3999.706,0
4001.634,0
4003.563,0
4005.491,0
4007.42,0
4009.348,0
4011.277,0
4013.205,0
4015.134,0
4017.063,0
4018.991,0
4020.919,0
4022.848,0
4024.776,0
4026.705,0
4028.633,0
4030.562,0
4032.49,0
4034.419,0
4036.347,0
4038.276,0
4040.204,0
4042.133,0
4044.061,0
4045.99,0
4047.918,0
4049.847,0
4051.775,0
4053.704,0
4055.632,0
4057.561,0
4059.489,0
4061.418,0
4063.346,0
4065.275,0
4067.203,0
4069.132,0
4071.06,0
4072.989,0
4074.917,0
4076.846,0
4078.774,0
4080.703,0
4082.631,0
4084.56,0
4086.488,0
4088.417,0
4090.345,0
4092.274,0
4094.202,0
4096.131,0
4098.059,0
4099.988,0
4101.917,0
4103.845,0
4105.773,0
4107.702,0
4109.63,0
4111.559,0
4113.487,0
4115.416,0
4117.344,0
4119.273,0
4121.201,0
4123.13,0
4125.058,0
4126.987,0
4128.916,0
4130.844,0
4132.772,0
4134.701,0
4136.629,0
4138.558,0
4140.486,0
4142.415,0
4144.343,0
4146.272,0
4148.2,0
4150.129,0
4152.057,0
4153.986,0
4155.914,0
4157.843,0
4159.771,0
4161.7,0
4163.628,0
4165.557,0
4167.485,0
4169.414,0
4171.342,0
4173.271,0
4175.199,0
4177.128,0
4179.056,0
4180.985,0
4182.913,0
4184.842,0
4186.77,0
4188.699,0
4190.627,0
4192.556,0
4194.484,0
4196.413,0
4198.341,0
4200.27,0
4202.198,0
4204.127,0
4206.055,0
4207.984,0
4209.912,0
4211.841,0
4213.769,0
4215.698,0
4217.626,0
4219.555,0
4221.483,0
4223.412,0
4225.34,0
4227.269,0
4229.197,0
4231.125,0
4233.054,0
4234.983,0
4236.911,0
4238.84,0
4240.768,0
4242.697,0
4244.625,0
4246.554,0
4248.482,0
4250.411,0
4252.339,0
4254.268,0
4256.196,0
4258.125,0
4260.053,0
4261.982,0
4263.91,0
4265.839,0
4267.767,0
4269.696,0
4271.624,0
4273.553,0
4275.481,0
4277.41,0
4279.338,0
4281.267,0
4283.195,0
4285.124,0
4287.052,0
4288.98,0
4290.909,0
4292.838,0
4294.766,0
4296.695,0
4298.623,0
4300.552,0
4302.48,0
4304.409,0
4306.337,0
4308.266,0
4310.194,0
4312.123,0
4314.051,0
4315.979,0
4317.908,0
4319.836,0
4321.765,0
4323.694,0
4325.622,0
4327.551,0
4329.479,0
4331.408,0
4333.336,0
4335.265,0
4337.193,0
4339.122,0
4341.05,0
4342.979,0
4344.907,0
4346.835,0
4348.764,0
4350.693,0
4352.621,0
4354.55,0
4356.478,0
4358.407,0
4360.335,0
4362.264,0
4364.192,0
4366.121,0
4368.049,0
4369.978,0
4371.906,0
4373.834,0
4375.763,0
4377.691,0
4379.62,0
4381.549,0
4383.477,0
4385.406,0
4387.334,0
4389.263,0
4391.191,0
4393.12,0
4395.048,0
4396.977,0
4398.905,0
4400.833,0
4402.762,0
4404.69,0
4406.619,0
4408.547,0
4410.476,0
4412.405,0
4414.333,0
4416.262,0
4418.19,0
4420.119,0
4422.047,0
4423.976,0
4425.904,0
4427.833,0
4429.761,0
4431.689,0
4433.618,0
4435.546,0
4437.475,0
4439.403,0
4441.332,0
4443.261,0
4445.189,0
4447.118,0
4449.046,0
4450.975,0
4452.903,0
4454.832,0
4456.76,0
4458.688,0
4460.617,0
4462.545,0
4464.474,0
4466.402,0
4468.331,0
4470.26,0
4472.188,0
4474.117,0
4476.045,0
4477.974,0
4479.902,0
4481.831,0
4483.759,0
4485.688,0
4487.616,0
4489.544,0
4491.473,0
4493.401,0
4495.33,0
4497.258,0
4499.187,0
4501.116,0
4503.044,0
4504.973,0
4506.901,0
4508.83,0
4510.758,0
4512.687,0
4514.615,0
4516.543,0
4518.472,0
4520.4,0
4522.329,0
4524.257,0
4526.186,0
4528.114,0
4530.043,0
4531.972,0
4533.9,0
4535.829,0
4537.757,0
4539.686,0
4541.614,0
4543.542,0
4545.471,0
4547.399,0
4549.328,0
4551.256,0
4553.185,0
4555.113,0
4557.042,0
4558.971,0
4560.899,0
4562.828,0
4564.756,0
4566.685,0
4568.613,0
4570.542,0
4572.47,0
4574.398,0
4576.327,0
4578.255,0
4580.184,0
4582.112,0
4584.041,0
4585.969,0
4587.898,0
4589.827,0
4591.755,0
4593.684,0
4595.612,0
4597.541,0
4599.469,0
4601.397,0
4603.326,0
4605.254,0
4607.183,0
4609.111,0
4611.04,0
4612.968,0
4614.897,0
4616.825,0
4618.754,0
4620.683,0
4622.611,0
4624.54,0
4626.468,0
4628.396,0
4630.325,0
4632.253,0
4634.182,0
4636.11,0
4638.039,0
4639.967,0
4641.896,0
4643.824,0
4645.753,0
4647.682,0
4649.61,0
4651.539,0
4653.467,0
4655.396,0
4657.324,0
4659.252,0
4661.181,0
4663.109,0
4665.038,0
4666.966,0
4668.895,0
4670.823,0
4672.752,0
4674.68,0
4676.609,0
4678.538,0
4680.466,0
4682.395,0
4684.323,0
4686.251,0
4688.18,0
4690.108,0
4692.037,0
4693.965,0
4695.894,0
4697.822,0
4699.751,0
4701.679,0
4703.608,0
4705.536,0
4707.465,0
4709.394,0
4711.322,0
4713.25,0
4715.179,0
4717.107,0
4719.036,0
4720.964,0
4722.893,0
4724.821,0
4726.75,0
4728.678,0
4730.607,0
4732.535,0
4734.464,0
4736.392,0
4738.321,0
4740.25,0
4742.178,0
4744.106,0
4746.035,0
4747.963,0
4749.892,0
4751.82,0
4753.749,0
4755.677,0
4757.606,0
4759.534,0
4761.463,0
4763.391,0
4765.32,0
4767.249,0
4769.177,0
4771.105,0
4773.034,0
4774.962,0
4776.891,0
4778.819,0
4780.748,0
4782.676,0
4784.605,0
4786.533,0
4788.462,0
4790.39,0
4792.319,0
4794.247,0
4796.176,0
4798.104,0
4800.033,0
4801.961,0
4803.89,0
4805.818,0
4807.747,0
4809.675,0
4811.604,0
4813.532,0
4815.461,0
4817.389,0
4819.318,0
4821.246,0
4823.175,0
4825.103,0
4827.032,0
4828.96,0
4830.889,0
4832.817,0
4834.746,0
4836.674,0
4838.603,0
4840.531,0
4842.46,0
4844.388,0
4846.317,0
4848.245,0
4850.174,0
4852.102,0
4854.031,0
4855.959,0
4857.888,0
4859.816,0
4861.745,0
4863.673,0
4865.602,0
4867.53,0
4869.458,0
4871.387,0
4873.316,0
4875.244,0
4877.173,0
4879.101,0
4881.03,0
4882.958,0
4884.887,0
4886.815,0
4888.744,0
4890.672,0
4892.601,0
4894.529,0
4896.458,0
4898.386,0
4900.315,0
4902.243,0
4904.172,0
4906.1,0
4908.029,0
4909.957,0
4911.886,0
4913.814,0
4915.743,0
4917.671,0
4919.6,0
4921.528,0
4923.457,0
4925.385,0
4927.313,0
4929.242,0
4931.171,0
4933.099,0
4935.028,0
4936.956,0
4938.885,0
4940.813,0
4942.742,0
4944.67,0
4946.599,0
4948.527,0
4950.456,0
4952.384,0
4954.313,0
4956.241,0
4958.169,0
4960.098,0
4962.027,0
4963.955,0
4965.884,0
4967.812,0
4969.741,0
4971.669,0
4973.598,0
4975.526,0
4977.455,0
4979.383,0
4981.312,0
4983.24,0
4985.168,0
4987.097,0
4989.025,0
4990.954,0
4992.883,0
4994.811,0
4996.74,0
4998.668,0
5000.597,0
5002.525,0
5004.454,0
5006.382,0
5008.311,0
5010.239,0
5012.167,0
5014.096,0
5016.024,0
5017.953,0
5019.882,0
5021.81,0
5023.739,0
5025.667,0
5027.596,0
5029.524,0
5031.453,0
5033.381,0
5035.31,0
5037.238,0
5039.167,0
5041.095,0
5043.023,0
5044.952,0
5046.88,0
5048.809,0
5050.738,0
5052.666,0
5054.595,0
5056.523,0
5058.452,0
5060.38,0
5062.309,0
5064.237,0
5066.166,0
5068.094,0
5070.022,0
5071.951,0
5073.879,0
5075.808,0
5077.736,0
5079.665,0
5081.594,0
5083.522,0
5085.451,0
5087.379,0
5089.308,0
5091.236,0
5093.165,0
5095.093,0
5097.021,0
5098.95,0
5100.878,0
5102.807,0
5104.735,0
5106.664,0
5108.593,0
5110.521,0
5112.45,0
5114.378,0
5116.307,0
5118.235,0
5120.164,0
5122.092,0
5124.021,0
5125.949,0
5127.877,0
5129.806,0
5131.734,0
5133.663,0
5135.591,0
5137.52,0
5139.449,0
5141.377,0
5143.306,0
5145.234,0
5147.163,0
5149.091,0
5151.02,0
5152.948,0
5154.876,0
5156.805,0
5158.733,0
5160.662,0
5162.59,0
5164.519,0
5166.447,0
5168.376,0
5170.305,0
5172.233,0
5174.162,0
5176.09,0
5178.019,0
5179.947,0
5181.875,0
5183.804,0
5185.732,0
5187.661,0
5189.589,0
5191.518,0
5193.446,0
5195.375,0
5197.304,0
5199.232,0
5201.161,0
5203.089,0
5205.018,0
5206.946,0
5208.875,0
5210.803,0
5212.731,0
5214.66,0
5216.588,0
5218.517,0
5220.445,0
5222.374,0
5224.302,0
5226.231,0
5228.16,0
5230.088,0
5232.017,0
5233.945,0
5235.874,0
5237.802,0
5239.73,0
5241.659,0
5243.587,0
5245.516,0
5247.444,0
5249.373,0
5251.301,0
5253.23,0
5255.158,0
5257.087,0
5259.016,0
5260.944,0
5262.873,0
5264.801,0
5266.729,0
5268.658,0
5270.586,0
5272.515,0
5274.443,0
5276.372,0
5278.3,0
5280.229,0
5282.157,0
5284.086,0
5286.014,0
5287.943,0
5289.872,0
5291.8,0
5293.729,0
5295.657,0
5297.585,0
5299.514,0
5301.442,0
5303.371,0
5305.299,0
5307.228,0
5309.156,0
5311.085,0
5313.013,0
5314.942,0
5316.871,0
5318.799,0
5320.728,0
5322.656,0
5324.584,0
5326.513,0
5328.441,0
5330.37,0
5332.298,0
5334.227,0
5336.155,0
5338.084,0
5340.012,0
5341.941,0
5343.869,0
5345.798,0
5347.727,0
5349.655,0
5351.583,0
5353.512,0
5355.44,0
5357.369,0
5359.297,0
5361.226,0
5363.154,0
5365.083,0
5367.011,0
5368.94,0
5370.868,0
5372.797,0
5374.725,0
5376.654,0
5378.583,0
5380.511,0
5382.439,0
5384.368,0
5386.296,0
5388.225,0
5390.153,0
5392.082,0
5394.01,0
5395.939,0
5397.867,0
5399.796,0
5401.724,0
5403.653,0
5405.582,0
5407.51,0
5409.438,0
5411.367,0
5413.295,0
5415.224,0
5417.152,0
5419.081,0
5421.009,0
5422.938,0
5424.866,0
5426.795,0
5428.723,0
5430.652,0
5432.58,0
5434.509,0
5436.438,0
5438.366,0
5440.294,0
5442.223,0
5444.151,0
5446.08,0
5448.008,0
5449.937,0
5451.865,0
5453.794,0
5455.722,0
5457.651,0
5459.579,0
5461.508,0
5463.436,0
5465.365,0
5467.293,0
5469.222,0
5471.15,0
5473.079,0
5475.007,0
5476.936,0
5478.864,0
5480.793,0
5482.721,0
5484.65,0
5486.578,0
5488.507,0
5490.435,0
5492.364,0
5494.292,0
5496.221,0
5498.149,0
5500.078,0
5502.006,0
5503.935,0
5505.863,0
5507.792,0
5509.72,0
5511.649,0
5513.577,0
5515.506,0
5517.434,0
5519.363,0
5521.291,0
5523.22,0
5525.148,0
5527.077,0
5529.005,0
5530.934,0
5532.862,0
5534.791,0
5536.719,0
5538.648,0
5540.576,0
5542.505,0
5544.433,0
5546.362,0
5548.29,0
5550.219,0
5552.147,0
5554.076,0
5556.004,0
5557.933,0
5559.861,0
5561.79,0
5563.718,0
5565.646,0
5567.575,0
5569.504,0
5571.432,0
5573.361,0
5575.289,0
5577.218,0
5579.146,0
5581.075,0
5583.003,0
5584.932,0
5586.86,0
5588.789,0
5590.717,0
5592.646,0
5594.574,0
5596.502,0
5598.431,0
5600.36,0
5602.288,0
5604.217,0
5606.145,0
5608.074,0
5610.002,0
5611.931,0
5613.859,0
5615.788,0
5617.716,0
5619.645,0
5621.573,0
5623.501,0
5625.43,0
5627.358,0
5629.287,0
5631.216,0
5633.144,0
5635.073,0
5637.001,0
5638.93,0
5640.858,0
5642.787,0
5644.715,0
5646.644,0
5648.572,0
5650.5,0
5652.429,0
5654.357,0
5656.286,0
5658.215,0
5660.143,0
5662.072,0
5664,0
5665.929,0
5667.857,0
5669.786,0
5671.714,0
5673.643,0
5675.571,0
5677.5,0
5679.428,0
5681.356,0
5683.285,0
5685.213,0
5687.142,0
5689.071,0
5690.999,0
5692.928,0
5694.856,0
5696.785,0
5698.713,0
5700.642,0
5702.57,0
5704.499,0
5706.427,0
5708.355,0
5710.284,0
5712.212,0
5714.141,0
5716.069,0
5717.998,0
5719.927,0
5721.855,0
5723.784,0
5725.712,0
5727.641,0
5729.569,0
5731.498,0
5733.426,0
5735.354,0
5737.283,0
5739.211,0
5741.14,0
5743.068,0
5744.997,0
5746.926,0
5748.854,0
5750.783,0
5752.711,0
5754.64,0
5756.568,0
5758.497,0
5760.425,0
5762.354,0
5764.282,0
5766.21,0
5768.139,0
5770.067,0
5771.996,0
5773.924,0
5775.853,0
5777.782,0
5779.71,0
5781.639,0
5783.567,0
5785.496,0
5787.424,0
5789.353,0
5791.281,0
5793.209,0
5795.138,0
5797.066,0
5798.995,0
5800.923,0
5802.852,0
5804.78,0
5806.709,0
5808.638,0
5810.566,0
5812.495,0
5814.423,0
5816.352,0
5818.28,0
5820.208,0
5822.137,0
5824.065,0
5825.994,0
5827.922,0
5829.851,0
5831.779,0
5833.708,0
5835.637,0
5837.565,0
5839.494,0
5841.422,0
5843.351,0
5845.279,0
5847.208,0
5849.136,0
5851.064,0
5852.993,0
5854.921,0
5856.85,0
5858.778,0
5860.707,0
5862.635,0
5864.564,0
5866.493,0
5868.421,0
5870.35,0
5872.278,0
5874.207,0
5876.135,0
5878.063,0
5879.992,0
5881.92,0
5883.849,0
5885.777,0
5887.706,0
5889.634,0
5891.563,0
5893.491,0
5895.42,0
5897.349,0
5899.277,0
5901.206,0
5903.134,0
5905.063,0
5906.991,0
5908.919,0
5910.848,0
5912.776,0
5914.705,0
5916.633,0
5918.562,0
5920.49,0
5922.419,0
5924.347,0
5926.276,0
5928.205,0
5930.133,0
5932.062,0
5933.99,0
5935.918,0
5937.847,0
5939.775,0
5941.704,0
5943.632,0
5945.561,0
5947.489,0
5949.418,0
5951.346,0
5953.275,0
5955.204,0
5957.132,0
5959.061,0
5960.989,0
5962.917,0
5964.846,0
5966.774,0
5968.703,0
5970.631,0
5972.56,0
5974.488,0
5976.417,0
5978.345,0
5980.274,0
5982.202,0
5984.131,0
5986.06,0
5987.988,0
5989.917,0
5991.845,0
5993.773,0
5995.702,0
5997.63,0
5999.559,0
6001.487,0
6003.416,0
6005.344,0
6007.273,0
6009.201,0
6011.13,0
6013.058,0
6014.987,0
6016.916,0
6018.844,0
6020.772,0
6022.701,0
6024.629,0
6026.558,0
6028.486,0
6030.415,0
6032.343,0
6034.272,0
6036.2,0
6038.129,0
6040.057,0
6041.986,0
6043.915,0
6045.843,0
6047.771,0
6049.7,0
6051.628,0
6053.557,0
6055.485,0
6057.414,0
6059.342,0
6061.271,0
6063.199,0
6065.128,0
6067.056,0
6068.985,0
6070.913,0
6072.842,0
6074.771,0
6076.699,0
6078.627,0
6080.556,0
6082.484,0
6084.413,0
6086.341,0
6088.27,0
6090.198,0
6092.127,0
6094.055,0
6095.984,0
6097.912,0
6099.841,0
6101.769,0
6103.698,0
6105.626,0
6107.555,0
6109.483,0
6111.412,0
6113.34,0
6115.269,0
6117.197,0
6119.126,0
6121.054,0
6122.983,0
6124.911,0
6126.84,0
6128.768,0
6130.697,0
6132.625,0
6134.554,0
6136.482,0
6138.411,0
6140.339,0
6142.268,0
6144.196,0
6146.125,0
6148.053,0
6149.982,0
6151.91,0
6153.839,0
6155.767,0
6157.696,0
6159.624,0
6161.553,0
6163.481,0
6165.41,0
6167.338,0
6169.267,0
6171.195,0
6173.124,0
6175.052,0
6176.981,0
6178.909,0
6180.838,0
6182.766,0
6184.695,0
6186.623,0
6188.552,0
6190.48,0
6192.409,0
6194.337,0
6196.266,0
6198.194,0
6200.123,0
6202.051,0
6203.979,0
6205.908,0
6207.837,0
6209.765,0
6211.694,0
6213.622,0
6215.551,0
6217.479,0
6219.408,0
6221.336,0
6223.265,0
6225.193,0
6227.122,0
6229.05,0
6230.979,0
6232.907,0
6234.835,0
6236.764,0
6238.693,0
6240.621,0
6242.55,0
6244.478,0
6246.407,0
6248.335,0
6250.264,0
6252.192,0
6254.121,0
6256.049,0
6257.978,0
6259.906,0
6261.834,0
6263.763,0
6265.691,0
6267.62,0
6269.549,0
6271.477,0
6273.406,0
6275.334,0
6277.263,0
6279.191,0
6281.12,0
6283.048,0
6284.977,0
6286.905,0
6288.833,0
6290.762,0
6292.69,0
6294.619,0
6296.548,0
6298.476,0
6300.405,0
6302.333,0
6304.262,0
6306.19,0
6308.119,0
6310.047,0
6311.976,0
6313.904,0
6315.833,0
6317.761,0
6319.689,0
6321.618,0
6323.546,0
6325.475,0
6327.404,0
6329.332,0
6331.261,0
6333.189,0
6335.118,0
6337.046,0
6338.975,0
6340.903,0
6342.832,0
6344.76,0
6346.688,0
6348.617,0
6350.545,0
6352.474,0
6354.402,0
6356.331,0
6358.26,0
6360.188,0
6362.117,0
6364.045,0
6365.974,0
6367.902,0
6369.831,0
6371.759,0
6373.688,0
6375.616,0
6377.544,0
6379.473,0
6381.401,0
6383.33,0
6385.259,0
6387.187,0
6389.116,0
6391.044,0
6392.973,0
6394.901,0
6396.83,0
6398.758,0
6400.687,0
6402.615,0
6404.543,0
6406.472,0
6408.4,0
6410.329,0
6412.257,0
6414.186,0
6416.115,0
6418.043,0
6419.972,0
6421.9,0
6423.829,0
6425.757,0
6427.686,0
6429.614,0
6431.542,0
6433.471,0
6435.399,0
6437.328,0
6439.256,0
6441.185,0
6443.113,0
6445.042,0
6446.971,0
6448.899,0
6450.828,0
6452.756,0
6454.685,0
6456.613,0
6458.542,0
6460.47,0
6462.398,0
6464.327,0
6466.255,0
6468.184,0
6470.112,0
6472.041,0
6473.97,0
6475.898,0
6477.827,0
6479.755,0
6481.684,0
6483.612,0
6485.541,0
6487.469,0
6489.397,0
6491.326,0
6493.254,0
6495.183,0
6497.111,0
6499.04,0
6500.968,0
6502.897,0
6504.826,0
6506.754,0
6508.683,0
6510.611,0
6512.54,0
6514.468,0
6516.396,0
6518.325,0
6520.253,0
6522.182,0
6524.11,0
6526.039,0
6527.967,0
6529.896,0
6531.824,0
6533.753,0
6535.682,0
6537.61,0
6539.539,0
6541.467,0
6543.396,0
6545.324,0
6547.252,0
6549.181,0
6551.109,0
6553.038,0
6554.966,0
6556.895,0
6558.823,0
6560.752,0
6562.68,0
6564.609,0
6566.538,0
6568.466,0
6570.395,0
6572.323,0
6574.251,0
6576.18,0
6578.108,0
6580.037,0
6581.965,0
6583.894,0
6585.822,0
6587.751,0
6589.679,0
6591.608,0
6593.537,0
6595.465,0
6597.394,0
6599.322,0
6601.25,0
6603.179,0
6605.107,0
6607.036,0
6608.964,0
6610.893,0
6612.821,0
6614.75,0
6616.678,0
6618.607,0
6620.535,0
6622.464,0
6624.393,0
6626.321,0
6628.25,0
6630.178,0
6632.106,0
6634.035,0
6635.963,0
6637.892,0
6639.82,0
6641.749,0
6643.677,0
6645.606,0
6647.534,0
6649.463,0
6651.391,0
6653.32,0
6655.249,0
6657.177,0
6659.105,0
6661.034,0
6662.962,0
6664.891,0
6666.819,0
6668.748,0
6670.676,0
6672.605,0
6674.533,0
6676.462,0
6678.39,0
6680.319,0
6682.248,0
6684.176,0
6686.104,0
6688.033,0
6689.961,0
6691.89,0
6693.818,0
6695.747,0
6697.675,0
6699.604,0
6701.532,0
6703.461,0
6705.389,0
6707.318,0
6709.246,0
6711.175,0
6713.104,0
6715.032,0
6716.96,0
6718.889,0
6720.817,0
6722.746,0
6724.674,0
6726.603,0
6728.531,0
6730.46,0
6732.388,0
6734.317,0
6736.245,0
6738.174,0
6740.102,0
6742.031,0
6743.959,0
6745.888,0
6747.816,0
6749.745,0
6751.673,0
6753.602,0
6755.53,0
6757.459,0
6759.387,0
6761.316,0
6763.244,0
6765.173,0
6767.101,0
6769.03,0
6770.958,0
6772.887,0
6774.815,0
6776.744,0
6778.672,0
6780.601,0
6782.529,0
6784.458,0
6786.386,0
6788.315,0
6790.243,0
6792.172,0
6794.1,0
6796.029,0
6797.957,0
6799.886,0
6801.814,0
6803.743,0
6805.671,0
6807.6,0
6809.528,0
6811.457,0
6813.385,0
6815.313,0
6817.242,0
6819.171,0
6821.099,0
6823.028,0
6824.956,0
6826.885,0
6828.813,0
6830.742,0
6832.67,0
6834.599,0
6836.527,0
6838.456,0
6840.384,0
6842.313,0
6844.241,0
6846.17,0
6848.098,0
6850.027,0
6851.955,0
6853.884,0
6855.812,0
6857.741,0
6859.669,0
6861.598,0
6863.526,0
6865.455,0
6867.383,0
6869.312,0
6871.24,0
6873.168,0
6875.097,0
6877.026,0
6878.954,0
6880.883,0
6882.811,0
6884.74,0
6886.668,0
6888.597,0
6890.525,0
6892.454,0
6894.382,0
6896.311,0
6898.239,0
6900.167,0
6902.096,0
6904.024,0
6905.953,0
6907.882,0
6909.81,0
6911.739,0
6913.667,0
6915.596,0
6917.524,0
6919.453,0
6921.381,0
6923.31,0
6925.238,0
6927.167,0
6929.095,0
6931.023,0
6932.952,0
6934.881,0
6936.809,0
6938.738,0
6940.666,0
6942.595,0
6944.523,0
6946.452,0
6948.38,0
6950.309,0
6952.237,0
6954.166,0
6956.094,0
6958.022,0
6959.951,0
6961.879,0
6963.808,0
6965.737,0
6967.665,0
6969.594,0
6971.522,0
6973.451,0
6975.379,0
6977.308,0
6979.236,0
6981.165,0
6983.093,0
6985.021,0
6986.95,0
6988.878,0
6990.807,0
6992.735,0
6994.664,0
6996.593,0
6998.521,0
7000.45,0
7002.378,0
7004.307,0
7006.235,0
7008.164,0
7010.092,0
7012.021,0
7013.949,0
7015.877,0
7017.806,0
7019.734,0
7021.663,0
7023.592,0
7025.52,0
7027.449,0
7029.377,0
7031.306,0
7033.234,0
7035.163,0
7037.091,0
7039.02,0
7040.948,0
7042.876,0
7044.805,0
7046.733,0
7048.662,0
7050.59,0
7052.519,0
7054.448,0
7056.376,0
7058.305,0
7060.233,0
7062.162,0
7064.09,0
7066.019,0
7067.947,0
7069.875,0
7071.804,0
7073.732,0
7075.661,0
7077.589,0
7079.518,0
7081.446,0
7083.375,0
7085.304,0
7087.232,0
7089.161,0
7091.089,0
7093.018,0
7094.946,0
7096.875,0
7098.803,0
7100.731,0
7102.66,0
7104.588,0
7106.517,0
7108.445,0
7110.374,0
7112.302,0
7114.231,0
7116.16,0
7118.088,0
7120.017,0
7121.945,0
7123.874,0
7125.802,0
7127.73,0
7129.659,0
7131.587,0
7133.516,0
7135.444,0
7137.373,0
7139.301,0
7141.23,0
7143.159,0
7145.087,0
7147.016,0
7148.944,0
7150.873,0
7152.801,0
7154.729,0
7156.658,0
7158.586,0
7160.515,0
7162.443,0
7164.372,0
7166.3,0
7168.229,0
7170.157,0
7172.086,0
7174.015,0
7175.943,0
7177.872,0
7179.8,0
7181.729,0
7183.657,0
7185.585,0
7187.514,0
7189.442,0
7191.371,0
7193.299,0
7195.228,0
7197.156,0
7199.085,0
7201.013,0
7202.942,0
7204.871,0
7206.799,0
7208.728,0
7210.656,0
7212.584,0
7214.513,0
7216.441,0
7218.37,0
7220.298,0
7222.227,0
7224.155,0
7226.084,0
7228.012,0
7229.941,0
7231.87,0
7233.798,0
7235.727,0
7237.655,0
7239.583,0
7241.512,0
7243.44,0
7245.369,0
7247.297,0
7249.226,0
7251.154,0
7253.083,0
7255.011,0
7256.94,0
7258.868,0
7260.797,0
7262.726,0
7264.654,0
7266.583,0
7268.511,0
7270.439,0
7272.368,0
7274.296,0
7276.225,0
7278.153,0
7280.082,0
7282.01,0
7283.939,0
7285.867,0
7287.796,0
7289.724,0
7291.653,0
7293.582,0
7295.51,0
7297.438,0
7299.367,0
7301.295,0
7303.224,0
7305.152,0
7307.081,0
7309.009,0
7310.938,0
7312.866,0
7314.795,0
7316.723,0
7318.652,0
7320.581,0
7322.509,0
7324.438,0
7326.366,0
7328.294,0
7330.223,0
7332.151,0
7334.08,0
7336.008,0
7337.937,0
7339.865,0
7341.794,0
7343.722,0
7345.651,0
7347.579,0
7349.508,0
7351.437,0
7353.365,0
7355.293,0
7357.222,0
7359.15,0
7361.079,0
7363.007,0
7364.936,0
7366.864,0
7368.793,0
7370.721,0
7372.65,0
7374.578,0
7376.507,0
7378.435,0
7380.364,0
7382.292,0
7384.221,0
7386.149,0
7388.078,0
7390.006,0
7391.935,0
7393.863,0
7395.792,0
7397.72,0
7399.649,0
7401.577,0
7403.506,0
7405.434,0
7407.363,0
7409.291,0
7411.22,0
7413.148,0
7415.077,0
7417.005,0
7418.934,0
7420.862,0
7422.791,0
7424.719,0
7426.648,0
7428.576,0
7430.505,0
7432.433,0
7434.362,0
7436.29,0
7438.219,0
7440.147,0
7442.076,0
7444.004,0
7445.933,0
7447.861,0
7449.79,0
7451.718,0
7453.646,0
7455.575,0
7457.504,0
7459.432,0
7461.361,0
7463.289,0
7465.218,0
7467.146,0
7469.075,0
7471.003,0
7472.932,0
7474.86,0
7476.789,0
7478.717,0
7480.646,0
7482.574,0
7484.503,0
7486.431,0
7488.36,0
7490.288,0
7492.217,0
7494.145,0
7496.074,0
7498.002,0
7499.931,0
7501.859,0
7503.788,0
7505.716,0
7507.645,0
7509.573,0
7511.501,0
7513.43,0
7515.359,0
7517.287,0
7519.216,0
7521.144,0
7523.073,0
7525.001,0
7526.93,0
7528.858,0
7530.787,0
7532.715,0
7534.644,0
7536.572,0
7538.5,0
7540.429,0
7542.357,0
7544.286,0
7546.215,0
7548.143,0
7550.072,0
7552,0
7553.929,0
7555.857,0
7557.786,0
7559.714,0
7561.643,0
7563.571,0
7565.5,0
7567.428,0
7569.356,0
7571.285,0
7573.214,0
7575.142,0
7577.071,0
7578.999,0
7580.928,0
7582.856,0
7584.785,0
7586.713,0
7588.642,0
7590.57,0
7592.499,0
7594.427,0
7596.355,0
7598.284,0
7600.212,0
7602.141,0
7604.07,0
7605.998,0
7607.927,0
7609.855,0
7611.784,0
7613.712,0
7615.641,0
7617.569,0
7619.498,0
7621.426,0
7623.354,0
7625.283,0
7627.211,0
7629.14,0
7631.068,0
7632.997,0
7634.926,0
7636.854,0
7638.783,0
7640.711,0
7642.64,0
7644.568,0
7646.497,0
7648.425,0
7650.354,0
7652.282,0
7654.21,0
7656.139,0
7658.067,0
7659.996,0
7661.925,0
7663.853,0
7665.782,0
7667.71,0
7669.639,0
7671.567,0
7673.496,0
7675.424,0
7677.353,0
7679.281,0
7681.209,0
7683.138,0
7685.066,0
7686.995,0
7688.923,0
7690.852,0
7692.781,0
7694.709,0
7696.638,0
7698.566,0
7700.495,0
7702.423,0
7704.352,0
7706.28,0
7708.208,0
7710.137,0
7712.065,0
7713.994,0
7715.922,0
7717.851,0
7719.779,0
7721.708,0
7723.637,0
7725.565,0
7727.494,0
7729.422,0
7731.351,0
7733.279,0
7735.208,0
7737.136,0
7739.064,0
7740.993,0
7742.921,0
7744.85,0
7746.778,0
7748.707,0
7750.635,0
7752.564,0
7754.493,0
7756.421,0
7758.35,0
7760.278,0
7762.207,0
7764.135,0
7766.063,0
7767.992,0
7769.92,0
7771.849,0
7773.777,0
7775.706,0
7777.634,0
7779.563,0
7781.492,0
7783.42,0
7785.349,0
7787.277,0
7789.206,0
7791.134,0
7793.063,0
7794.991,0
7796.919,0
7798.848,0
7800.776,0
7802.705,0
7804.633,0
7806.562,0
7808.49,0
7810.419,0
7812.348,0
7814.276,0
7816.205,0
7818.133,0
7820.062,0
7821.99,0
7823.918,0
7825.847,0
7827.775,0
7829.704,0
7831.632,0
7833.561,0
7835.489,0
7837.418,0
7839.346,0
7841.275,0
7843.204,0
7845.132,0
7847.061,0
7848.989,0
7850.917,0
7852.846,0
7854.774,0
7856.703,0
7858.631,0
7860.56,0
7862.488,0
7864.417,0
7866.345,0
7868.274,0
7870.203,0
7872.131,0
7874.06,0
7875.988,0
7877.917,0
7879.845,0
7881.773,0
7883.702,0
7885.63,0
7887.559,0
7889.487,0
7891.416,0
7893.344,0
7895.273,0
7897.201,0
7899.13,0
7901.059,0
7902.987,0
7904.916,0
7906.844,0
7908.772,0
7910.701,0
7912.629,0
7914.558,0
7916.486,0
7918.415,0
7920.343,0
7922.272,0
7924.2,0
7926.129,0
7928.057,0
7929.986,0
7931.915,0
7933.843,0
7935.771,0
7937.7,0
7939.628,0
7941.557,0
7943.485,0
7945.414,0
7947.342,0
7949.271,0
7951.199,0
7953.128,0
7955.056,0
7956.985,0
7958.914,0
7960.842,0
7962.771,0
7964.699,0
7966.627,0
7968.556,0
7970.484,0
7972.413,0
7974.341,0
7976.27,0
7978.198,0
7980.127,0
7982.055,0
7983.984,0
7985.912,0
7987.841,0
7989.77,0
7991.698,0
7993.626,0
7995.555,0
7997.483,0
7999.412,0
8001.34,0
8003.269,0
8005.197,0
8007.126,0
8009.054,0
8010.983,0
8012.911,0
8014.84,0
8016.768,0
8018.697,0
8020.625,0
8022.554,0
8024.482,0
8026.411,0
8028.339,0
8030.268,0
8032.196,0
8034.125,0
8036.053,0
8037.982,0
8039.91,0
8041.839,0
8043.767,0
8045.696,0
8047.624,0
8049.553,0
8051.481,0
8053.41,0
8055.338,0
8057.267,0
8059.195,0
8061.124,0
8063.052,0
8064.981,0
8066.909,0
8068.838,0
8070.766,0
8072.695,0
8074.623,0
8076.552,0
8078.48,0
8080.409,0
8082.337,0
8084.266,0
8086.194,0
8088.123,0
8090.051,0
8091.979,0
8093.908,0
8095.837,0
8097.765,0
8099.694,0
8101.622,0
8103.551,0
8105.479,0
8107.408,0
8109.336,0
8111.265,0
8113.193,0
8115.122,0
8117.05,0
8118.979,0
8120.907,0
8122.836,0
8124.764,0
8126.693,0
8128.621,0
8130.55,0
8132.478,0
8134.407,0
8136.335,0
8138.264,0
8140.192,0
8142.121,0
8144.049,0
8145.978,0
8147.906,0
8149.834,0
8151.763,0
8153.692,0
8155.62,0
8157.549,0
8159.477,0
8161.406,0
8163.334,0
8165.263,0
8167.191,0
8169.12,0
8171.048,0
8172.977,0
8174.905,0
8176.833,0
8178.762,0
8180.69,0
8182.619,0
8184.548,0
8186.476,0
8188.405,0
8190.333,0
8192.262,0
8194.19,0
8196.118,0
8198.047,0
8199.976,0
8201.904,0
8203.833,0
8205.761,0
8207.689,0
8209.618,0
8211.547,0
8213.476,0
8215.403,0
8217.332,0
8219.261,0
8221.189,0
8223.117,0
8225.046,0
8226.975,0
8228.903,0
8230.832,0
8232.76,0
8234.688,0
8236.617,0
8238.546,0
8240.474,0
8242.402,0
8244.331,0
8246.26,0
8248.188,0
8250.116,0
8252.045,0
8253.974,0
8255.902,0
8257.831,0
8259.759,0
8261.688,0
8263.616,0
8265.545,0
8267.473,0
8269.401,0
8271.33,0
8273.259,0
8275.188,0
8277.115,0
8279.044,0
8280.973,0
8282.901,0
8284.829,0
8286.758,0
8288.687,0
8290.615,0
8292.544,0
8294.472,0
8296.4,0
8298.329,0
8300.258,0
8302.187,0
8304.114,0
8306.043,0
8307.972,0
8309.9,0
8311.828,0
8313.757,0
8315.686,0
8317.614,0
8319.543,0
8321.471,0
8323.399,0
8325.328,0
8327.257,0
8329.185,0
8331.113,0
8333.042,0
8334.971,0
8336.899,0
8338.827,0
8340.756,0
8342.685,0
8344.613,0
8346.542,0
8348.47,0
8350.398,0
8352.327,0
8354.256,0
8356.184,0
8358.112,0
8360.041,0
8361.97,0
8363.898,0
8365.826,0
8367.755,0
8369.684,0
8371.612,0
8373.54,0
8375.469,0
8377.397,0
8379.326,0
8381.255,0
8383.183,0
8385.111,0
8387.04,0
8388.969,0
8390.897,0
8392.825,0
8394.754,0
8396.683,0
8398.611,0
8400.539,0
8402.468,0
8404.396,0
8406.325,0
8408.254,0
8410.182,0
8412.11,0
8414.039,0
8415.968,0
8417.896,0
8419.824,0
8421.753,0
8423.682,0
8425.61,0
8427.538,0
8429.467,0
8431.396,0
8433.324,0
8435.253,0
8437.181,0
8439.109,0
8441.038,0
8442.967,0
8444.895,0
8446.823,0
8448.752,0
8450.681,0
8452.609,0
8454.537,0
8456.466,0
8458.395,0
8460.323,0
8462.251,0
8464.18,0
8466.108,0
8468.037,0
8469.966,0
8471.894,0
8473.822,0
8475.751,0
8477.68,0
8479.608,0
8481.536,0
8483.465,0
8485.394,0
8487.322,0
8489.25,0
8491.179,0
8493.107,0
8495.036,0
8496.965,0
8498.893,0
8500.821,0