Wavenumber,Average_Baseline,PCA_1,PCA_2,PCA_3,PCA_4
1276.666,0.5,-7.320929181886576e-16,7.939159832307839e-16,-2.190842631095305e-15,6.495138822574084e-16
1278.594,0.4717600808121841,0.0018730284963515362,-0.006989225286819247,-0.008500522953866944,0.017808477115683324
1280.523,0.44467756811675047,0.003692053282434936,-0.01357677427614392,-0.01646445525912387,0.03397962210284278
1282.452,0.4187163483097459,0.005458521852514075,-0.019776435836240787,-0.023910231298917544,0.04858334199087889
1284.38,0.3938407975773641,0.007173856708761728,-0.025601786321046798,-0.030855935313980433,0.061688298736198174
1286.308,0.3700150303474025,0.00883945193769291,-0.031066307057639117,-0.03731901248727429,0.07336268435095276
1288.237,0.3472039028425514,0.010456682486045709,-0.03618318527018167,-0.04331669962741756,0.08367326693877529
1290.166,0.32537365312001615,0.012026905132622036,-0.040965231415051415,-0.04886625272781686,0.09268469704869733
1292.094,0.3044910275285902,0.013551452260511996,-0.045425035900481726,-0.05398458969742004,0.10046036987858604
1294.022,0.2845227392464024,0.01503163282027246,-0.04957502316067595,-0.058688114584631725,0.10706304302977446
1295.951,0.2654362196595282,0.01646873573040275,-0.05342733440888079,-0.06299300617525624,0.11255406119549254
1297.88,0.2472000676982744,0.017864027129990107,-0.05699380007796993,-0.066915345542468,0.11699280979716467
1299.808,0.22978340691938598,0.019218749258832227,-0.060286024190857754,-0.07047088598361619,0.1204374093437538
1301.736,0.21315551638785,0.020534124519340967,-0.06331539108477514,-0.07367496494782151,0.12294519565483311
1303.665,0.19728637190435952,0.021811354486644334,-0.0660930116189767,-0.07654267943475322,0.12457210193457084
1305.594,0.1821469403179487,0.023051614635918052,-0.06862973576307058,-0.07908893731775984,0.12537224054633936
1307.522,0.16770872737502218,0.024256056945268376,-0.07093618182143077,-0.08132832734862606,0.1253984500786359
1309.45,0.15394354727892523,0.025425815953841777,-0.07302270969109688,-0.08327509661407811,0.12470265649052095
1311.379,0.14082389150852773,0.02656200466957523,-0.07489941446058451,-0.08494323817104071,0.12333539272867618
1313.307,0.12832319035327097,0.027665704560521302,-0.07657618415046771,-0.08634648796174091,0.12134533420237285
1315.236,0.11641506315081267,0.028737986810734382,-0.07806259951151541,-0.08749826509179125,0.11878050102200333
1317.164,0.10507410212580252,0.029779887197814187,-0.079368064126473,-0.08841170773651261,0.11568695052444045
1319.093,0.09427519706879882,0.030792432249069634,-0.08050165304055736,-0.08909968316279995,0.1121099826230583
1321.021,0.08399410593057259,0.03177661208545489,-0.08147228470695109,-0.0895747332521284,0.10809303305404397
1322.95,0.07420697920259599,0.03273340820691575,-0.08228853298384127,-0.08984916641626131,0.10367868606596214
1324.878,0.06489074390413159,0.033663765091796805,-0.08295883073676265,-0.08993492936463357,0.09890775242889309
1326.807,0.056022801917704194,0.03456861886147473,-0.08349125492584056,-0.08984376498278177,0.09382010509705699
1328.735,0.04758125223772953,0.03544886834666872,-0.08389375259633634,-0.08958702559052188,0.08845392666963103
1330.664,0.039544739257216285,0.0363054039576721,-0.08417390787791096,-0.08917588220951952,0.08284638301745477
1332.592,0.03189253642951872,0.03713907885423077,-0.08433918198020876,-0.08862109322487721,0.07703302552238235
1334.521,0.0246045221940207,0.03795073742101362,-0.08439667005683248,-0.08793325177833071,0.07104831702558782
1336.449,0.017661146536756395,0.03874118710583122,-0.08435334767556782,-0.0871225224595147,0.06492517480129899
1338.378,0.01104351388300385,0.03951122597044114,-0.08421582466335407,-0.08619891482390556,0.05869536255975092
1340.307,0.004733280982428978,0.040261618812510766,-0.08399056159279428,-0.08517203651014818,0.052389184077435896
1342.235,-0.001287315086747414,0.04099310773118924,-0.08368377566073419,-0.08405119705191348,0.0460356376406516
1344.163,-0.0070353809646538845,0.04170641791961842,-0.0833013832840068,-0.08284548368941072,0.03966243428965955
1346.092,-0.012527411439743103,0.04240225084764149,-0.08284906355328474,-0.08156368585714104,0.033295927213951595
1348.021,-0.01777937722793262,0.04308127898657192,-0.08233231218113493,-0.08021422043290861,0.026961115522341594
1349.949,-0.02280666396188789,0.04374415209618689,-0.08175638116491163,-0.07880520744163745,0.02068168749282166
1351.877,-0.0276239790426498,0.0443915017511167,-0.08112623115678878,-0.07734453923874939,0.014479998025270524
1353.806,-0.03224542824827815,0.045023935498076054,-0.08044658941765881,-0.07583980393285222,0.00837705030048129
1355.734,-0.03668466127646282,0.04564203104465622,-0.0797220129581547,-0.07429818900755528,0.0023925530065554536
1357.663,-0.040954551450999625,0.046246350932277816,-0.07895673311024896,-0.0727267105017793,-0.0034551725872514743
1359.591,-0.04506756738673973,0.04683742658122655,-0.07815482633818227,-0.07113195697482799,-0.009149066089871271
1361.52,-0.04903539702692509,0.04741577274833533,-0.077320056696628,-0.06952033248109647,-0.014673485099411722
1363.448,-0.052869328341227664,0.047981874422412044,-0.07645602153192803,-0.06789782491713986,-0.02001401938288806
1365.377,-0.05695014983659731,0.048529693764440975,-0.07570169147033537,-0.06619082767067656,-0.024570445764084223
1367.305,-0.06090671717067013,0.049072189228804956,-0.07492579690642762,-0.06447001080433576,-0.02886824972484738
1369.234,-0.064726968224794,0.04960253120218733,-0.07413305159858923,-0.0627482004893323,-0.033009171471065316
1371.162,-0.06841063381439146,0.050116279104058026,-0.0733004414984693,-0.061079964544971554,-0.03702383166393614
1373.091,-0.07196721013745253,0.05061773192091791,-0.07244000907365138,-0.05945385698867532,-0.04082118171069795
1375.019,-0.07541334991292079,0.051112448986304834,-0.07155979321428839,-0.05787799258215818,-0.04430585743298304
1376.948,-0.07874477392982719,0.051600537874545924,-0.07063391012476146,-0.05635173330732419,-0.047571368599668144
1378.876,-0.08197114471906361,0.05208427089246473,-0.06967405869071652,-0.054871507104305654,-0.050685968468288246
1380.805,-0.08509588345345108,0.052561926053351776,-0.06871036090631191,-0.05344789295818745,-0.05361729842075551
1382.733,-0.0881319499611691,0.053036984263543474,-0.06772402289632636,-0.052070709905192,-0.05633542889986862
1384.662,-0.09107817827915096,0.053509007784925004,-0.06670815068078068,-0.05072782619104718,-0.058921528463694146
1386.59,-0.09394028342379275,0.053979134153839085,-0.0656765666426226,-0.04940260524580949,-0.0614363727989934
1388.519,-0.09671767743719203,0.054445158724333385,-0.06461976278128807,-0.048101032062826135,-0.06384307805663847
1390.447,-0.09941725518204639,0.05490802509696491,-0.06351771258708186,-0.04683401269142938,-0.06610623413108331
1392.376,-0.1020408389083651,0.05536208480599009,-0.06238203984145077,-0.04560828902318506,-0.06825314055488992
1394.304,-0.10460103066061555,0.05579847194465434,-0.06122408117476302,-0.04440802855848582,-0.07030172319812567
1396.233,-0.10708598230420316,0.0562155526387558,-0.060024537589709784,-0.04326737727091815,-0.07224826932518473
1398.161,-0.10950433595735158,0.05661253195509989,-0.05879637367770092,-0.042179374811315756,-0.07408289048292144
1400.09,-0.11185958813924247,0.05699514009331175,-0.05756393078234917,-0.041139161327588394,-0.07579764188021051
1402.018,-0.11415593226574793,0.05737008269143355,-0.05632743233640624,-0.04014127973963661,-0.07740558377504529
1403.947,-0.11639821868100313,0.057731160647518605,-0.05508983013784688,-0.03916905844188381,-0.07892875089166122
1405.875,-0.1185913130428449,0.05807829330796496,-0.05386360006306214,-0.03821022750439715,-0.0803477710833442
1407.804,-0.12074008855255389,0.058414641642339706,-0.052660049181688984,-0.03726503630220243,-0.08157424133871781
1409.732,-0.12284916660179403,0.05874741687761254,-0.051481209250724205,-0.03630463565732648,-0.08265874370804621
1411.661,-0.12492096730928512,0.05907328968007952,-0.05034381288800135,-0.03532254588989725,-0.0836198257376138
1413.589,-0.1269658537293922,0.059387532156028496,-0.04923811176194076,-0.03432089064901143,-0.08443597254326116
1415.518,-0.12898399830617308,0.05968697894225396,-0.04815032320640348,-0.033320906586723896,-0.0850880836397744
1417.446,-0.13097461748176165,0.05997407935472838,-0.04706209115739689,-0.032322008445862346,-0.08564123029989383
1419.375,-0.1329404845653835,0.06024105064595798,-0.04597256972037231,-0.03134360140844736,-0.08618234333550157
1421.303,-0.13487410853866816,0.06049366398687843,-0.04482642463629593,-0.030424991944605732,-0.08672601622150687
1423.232,-0.13678183770122945,0.06073223800445562,-0.04367067358162931,-0.02954559105006854,-0.08716536499337449
1425.16,-0.13866259997464872,0.060964590577590544,-0.04249441136706111,-0.028696759450176662,-0.08751011085100956
1427.089,-0.14052391102362974,0.0611898127617259,-0.0413012918554215,-0.02789159425205021,-0.08765511607067715
1429.017,-0.1423629747726483,0.06141246643817248,-0.040072862469698864,-0.027145507062663693,-0.08754504901252652
1430.946,-0.1441722261967539,0.061634647694562485,-0.038797260646419134,-0.026457930610853924,-0.08719560947051003
1432.874,-0.1459503161897914,0.06185975547974002,-0.03746774171719064,-0.025833502221569216,-0.08659120586983236
1434.803,-0.147702852541907,0.06209138147361419,-0.03611300577110402,-0.025240248490993166,-0.0857428606497229
1436.731,-0.14943402430695565,0.06233149517610375,-0.03474533321371791,-0.024648608724991097,-0.0846832591290383
1438.66,-0.15113923151183853,0.06257524846850653,-0.033349580001709886,-0.024089273385557452,-0.08340156092377375
1440.588,-0.15281797593751828,0.06281626602289309,-0.03190501287473039,-0.02357639802736831,-0.0819356223052741
1442.517,-0.15447765124067464,0.06305102215857117,-0.030455694100522148,-0.023077587017306608,-0.08038612699158305
1444.445,-0.15612270891716176,0.06327941295559843,-0.029025338508557375,-0.02257258398469923,-0.07880238180981936
1446.374,-0.15774150819027316,0.0635050666874215,-0.02761448286496358,-0.022085002710115705,-0.07721433512839766
1448.302,-0.15932845666184978,0.0637294351936788,-0.02622202173804554,-0.021622575361158466,-0.07563512645333115
1450.231,-0.160888030418571,0.0639539003155402,-0.024877508347834393,-0.02117075701430164,-0.07399643204712184
1452.159,-0.16241967175855507,0.06417166289505927,-0.023552449986929867,-0.020750899403971908,-0.07229836303024652
1454.088,-0.1639108075668833,0.06438186236793646,-0.02221335999788153,-0.020404815797480703,-0.07061632416432767
1456.016,-0.16536162623516573,0.0645863466075974,-0.02085316738243935,-0.020147030803297633,-0.06892996009908295
1457.945,-0.16677313379382408,0.06477918832502416,-0.019463144492030793,-0.019996069963983308,-0.06720530777583504
1459.873,-0.1681452641779541,0.06497015743463866,-0.018052528689390997,-0.019923625369697794,-0.06549265715654168
1461.802,-0.16948894030098652,0.06516146120873728,-0.016666928683892402,-0.019892329209597822,-0.06375384397037796
1463.73,-0.17080714900209518,0.0653488093703548,-0.015303430847636515,-0.019905881003200374,-0.06196608712797057
1465.659,-0.17209498124216566,0.06552639797623373,-0.013958020084074999,-0.019960179542342974,-0.06019314072076475
1467.587,-0.1733542111020482,0.06569283192410744,-0.012645718923967975,-0.020022727797913562,-0.05851367827932148
1469.516,-0.17459609849720606,0.06584693814986797,-0.011407519677068696,-0.020036468959538475,-0.05698316500840988
1471.444,-0.1758158968635629,0.0659922150005825,-0.01024833261044189,-0.0199798413075268,-0.055610263978082206
1473.373,-0.17700238068162638,0.0661274369198872,-0.009163032009252559,-0.019852872471236776,-0.05444258166930717
1475.301,-0.17816361661731298,0.0662500567289933,-0.008154491486634784,-0.019647054930867196,-0.05335721293934736
1477.23,-0.17930095528621068,0.0663597684100988,-0.00723344976380917,-0.019352913447798936,-0.05231567174745521
1479.158,-0.1804041210426147,0.06645776299002785,-0.0063569949085452845,-0.019000357221154673,-0.051360727021834356
1481.087,-0.18147014230350322,0.06654296216043115,-0.005504294865240934,-0.018613555458205557,-0.0504509759282887
1483.015,-0.18249833612436658,0.06662057011968303,-0.004660250680857067,-0.018206988154590292,-0.04952709431632193
1484.944,-0.18349320621440834,0.0666911989489728,-0.0038595503727393487,-0.01775291976367151,-0.048593373916013524
1486.872,-0.1844567763519837,0.06677026550171905,-0.0031288231075236417,-0.01722450907439882,-0.04764664479662974
1488.801,-0.18539241179602567,0.0668512150593783,-0.002462348437561856,-0.01665787672485663,-0.046664277418815715
1490.729,-0.18629351481504264,0.0669286147518861,-0.0018152288786955624,-0.01608131010580559,-0.04573926021688676
1492.658,-0.1871605525775311,0.06700378615243799,-0.0011889027774843017,-0.015485123615718573,-0.044860675195168585
1494.586,-0.18800028719007217,0.06708019765212034,-0.0005967125561045059,-0.014872955148434187,-0.04397388299942933
1496.515,-0.1888115530821515,0.06715747579267466,-2.180975401096582e-05,-0.014257507892273811,-0.04307532519373131
1498.443,-0.18959464655617028,0.06723307400784381,0.0005295644764973886,-0.013647515787867341,-0.04217295207759505
1500.372,-0.18959464655617028,0.06723307400784381,0.0005295644764973886,-0.013647515787867341,-0.04217295207759505
1502.3,-0.19033054207573125,0.06728778541670909,0.0013361707968167708,-0.013267610480578765,-0.040849013644951776
1504.229,-0.19105000536113786,0.06733592154781391,0.0021320719549529693,-0.012883930070474899,-0.039539366847244614
1506.157,-0.1917536168887884,0.06737750308715731,0.00291744265543269,-0.012496468962766539,-0.0382452304084993
1508.086,-0.19244195078417164,0.06741255699959418,0.003692455442647262,-0.012105261866032913,-0.03696773903991906
1510.014,-0.1931155748218675,0.06744111652883482,0.0044572807008539245,-0.011710383792221123,-0.03570794343988616
1511.943,-0.19377505042554638,0.06746322119744559,0.0052120866541754615,-0.011311950056646746,-0.03446681029395828
1513.871,-0.19442093266796973,0.06747891680684835,0.005957039366599692,-0.010910116277993582,-0.03324522227487211
1515.8,-0.1950537702709896,0.06748825543732062,0.0066923027419805185,-0.010505078378314204,-0.03204397804254006
1517.728,-0.19567410560554904,0.06749129544799562,0.007418038524036742,-0.010097072583028662,-0.030863792244053532
1519.657,-0.19628247469168164,0.0674881014768624,0.00813440629635312,-0.009686375420925727,-0.029705295513680837
1521.585,-0.19687940719851202,0.06747874444076556,0.0088415634823797,-0.009273303724162588,-0.02856903447286775
1523.514,-0.19746542644425544,0.06746330153540546,0.00953966534543173,-0.008858214628264466,-0.027455471730236755
1525.442,-0.19804104939621814,0.06744185623533817,0.010228864988690611,-0.008441505572124672,-0.026364985881589302
1527.371,-0.19860678667079695,0.06741449829397538,0.010909313355202422,-0.008023614298005773,-0.0252978715099023
1529.299,-0.19916314284023587,0.06738132367910189,0.011581159061303092,-0.007605018578326517,-0.024254339685584516
1531.228,-0.199659710266274,0.06735659505612188,0.012195427133486838,-0.0069304173007855175,-0.023119398426639064
1533.156,-0.20015036688177598,0.06732640614747196,0.012799980194374332,-0.006238466378704967,-0.022023636252845768
1535.085,-0.2006347297245683,0.06729242625560644,0.013389550396318999,-0.005541031540450451,-0.02099175844673857
1537.013,-0.20111208884428358,0.06725628379469624,0.013961377993527079,-0.004860842540775629,-0.020044595962323285
1538.942,-0.2015830635644423,0.06721328984553424,0.014528416186024535,-0.0042212111143640225,-0.019170049391427166
1540.87,-0.20204775157274257,0.06716168154679869,0.015103540204686133,-0.0036188893273833684,-0.01840309195231371
1542.799,-0.20250863276231149,0.06710042101746178,0.01568825845637874,-0.0030570487343235015,-0.01774387709705647
1544.727,-0.20296771516520837,0.06703011747186827,0.016279999028510666,-0.002531080852013993,-0.017168551366839573
1546.656,-0.2034306748921355,0.06695080006238438,0.016861960425766143,-0.0020239300598909995,-0.016609923943607073
1548.584,-0.20389632830146392,0.06686411942124797,0.017435705558970928,-0.001537683175229711,-0.01607247888165253
1550.513,-0.204358541702542,0.06676998615537387,0.018009480905185712,-0.001083028185354754,-0.015630885870525354
1552.441,-0.20482165929885632,0.06666679440325023,0.01857978689047522,-0.0006617375597913224,-0.015250875588878039
1554.37,-0.20528305290792984,0.06655329708600116,0.019153483951625045,-0.0002856953431130112,-0.014924431845785823
1556.298,-0.2057456916766838,0.06642848794508985,0.019730545019122366,4.438118557866794e-05,-0.014589956638061664
1558.227,-0.20621056749020425,0.06629500257122459,0.02030413785625846,0.0003515459937209375,-0.014278973332347617
1560.155,-0.20667412298110976,0.06615826811385504,0.020878684806094516,0.0006313965911871931,-0.01404313834937509
1562.084,-0.2071360240925942,0.06601747820087284,0.02145819661854417,0.0008505684725440039,-0.01378814228525616
1564.012,-0.20760630147686485,0.06587476087399577,0.022015759138034417,0.0010201925606768186,-0.01341140598443799
1565.941,-0.20807948839922238,0.06573589481502976,0.022565362212510872,0.0011427892202649714,-0.012946777951361666
1567.869,-0.20855431344280734,0.06560176258395725,0.023104732671895077,0.0012227426353187954,-0.012430930355389216
1569.798,-0.20903417935038293,0.06547323741765367,0.02362556104266545,0.0012626826994128646,-0.011839532809614271
1571.726,-0.20951530862662418,0.0653527211670867,0.02414234956504399,0.001264022277500046,-0.011203671760001232
1573.655,-0.20999962834785477,0.06523690011589442,0.02466381896195393,0.0012211865049302198,-0.01045821211942733
1575.583,-0.21048676482835155,0.06512498597939527,0.02521123545376449,0.0011203030954899233,-0.009582711132516816
1577.512,-0.21097558179158796,0.06501472661724911,0.02577821858468004,0.0009581968906025355,-0.00860278399759451
1579.44,-0.21146734869570194,0.06490399782234484,0.026362919122422467,0.0007402945725760491,-0.007521561380106961
1581.369,-0.21196075390453606,0.06479092294256776,0.02696139570453863,0.0004758121526653563,-0.006379097315145412
1583.297,-0.21245732471243897,0.06467562966918752,0.027574232358395023,0.00015390586702343696,-0.005137377634818994
1585.226,-0.21296426263661067,0.06455982368779971,0.02817848327801437,-0.00021536467242918244,-0.0037450863219003197
1587.154,-0.21347922143184508,0.06444588191325071,0.028774279591645094,-0.0006398483978952475,-0.002240704566046975
1589.083,-0.213998204768094,0.06433248660277505,0.029371519420756265,-0.0011139506975222418,-0.0007036775136782513
1591.011,-0.21452198221614616,0.06422281485810802,0.02996206272887768,-0.0016276421983318435,0.0008676544534551014
1592.94,-0.2150499976479378,0.06411890239727455,0.030531427788944812,-0.0021586466105432576,0.0024775376224820986
1594.868,-0.21558015319273047,0.06402405462757749,0.03107703731325767,-0.002698269041129319,0.004098223723892739
1596.797,-0.21611268634606487,0.06393727969420161,0.0315892518529728,-0.0032443659031816665,0.0056894693757755565
1598.725,-0.21665026928932443,0.06385750694227613,0.03205139295966827,-0.0037722477577245683,0.007245541121688355
1600.654,-0.21718997205815446,0.06378353814976603,0.032481061853535616,-0.004293215432190458,0.008793462815451751
1602.582,-0.217735675587591,0.06371473751909097,0.032877822515657136,-0.004803238068089389,0.010331879745487774
1604.511,-0.21828817293946226,0.06364999555839666,0.0332344435358315,-0.005291178772885304,0.011823628912107307
1606.439,-0.2188508401913005,0.06358563036488453,0.03355440180008437,-0.005754020875921546,0.013290678540600105
1608.368,-0.21941994697923464,0.06352416235914551,0.03384893128812705,-0.006197728128212519,0.01471463042530821
1610.296,-0.21999846604525647,0.06346519859713846,0.03411388961158301,-0.0066205918976369104,0.016078316964225445
1612.225,-0.22058887999066382,0.06340667983188632,0.03434355329912259,-0.0070292382858832825,0.017400730258217194
1614.153,-0.22119062718392493,0.06334642165563917,0.03454802380873957,-0.007421422457817093,0.018668646054106192
1616.082,-0.22180564627983168,0.06327910316680281,0.034732295898767786,-0.00780321692681592,0.019919552692414424
1618.01,-0.22243054982426272,0.06320788941006437,0.03490699391460725,-0.008184119328306408,0.0211783373579305
1619.939,-0.22306613928991062,0.06313530222948043,0.035056548290872465,-0.008546056230179433,0.022433960286401093
1621.867,-0.22371024858862687,0.06305965881701504,0.0351810551107985,-0.008889279001251815,0.02364418530767431
1623.796,-0.22436301858094687,0.06297327966394543,0.035290119546945914,-0.009236021576488933,0.02480526804714202
1625.724,-0.22502232667570446,0.06287664892193172,0.03539918457714589,-0.009588877178019008,0.025909807754725362
1627.653,-0.22568358674357197,0.06277298398108144,0.03552045334228645,-0.009962336406299163,0.02698360922535247
1629.581,-0.22634841951399748,0.06266320531275991,0.03565345776114666,-0.010347608947836703,0.028021251627505232
1631.51,-0.22701087540049697,0.06254837464124063,0.03580904339058025,-0.010752207400371814,0.028992371698450013
1633.438,-0.22766601144203355,0.062435323984260285,0.03599666801443505,-0.011170159470875228,0.029949598225356016
1635.367,-0.22832274709699255,0.062324706738418154,0.03618139188714915,-0.011567663643868624,0.030947778674257877
1637.295,-0.22897418018694088,0.06221593433534797,0.03640876173558043,-0.011970415355495506,0.03195204108182008
1639.224,-0.22962077941582498,0.0621059040142059,0.036677712581204114,-0.012389290422341435,0.033006490735685845
1641.152,-0.23025454216531055,0.06199959442182709,0.03700225486879384,-0.012828458799930754,0.034101356613872785
1643.081,-0.23087936736866663,0.061893622697192195,0.037373860376785,-0.013271337947151676,0.0352423003452686
1645.009,-0.23149433865138416,0.06179129438293436,0.03779697684710178,-0.013727165992707029,0.0364626238380313
1646.938,-0.23210123181393844,0.06169210321404602,0.03825692703728449,-0.014177286449100903,0.037727142653198
1648.866,-0.23269516894188927,0.06159276374194792,0.03876404565460848,-0.014635334604953225,0.03901642030695642
1650.795,-0.2332774993364431,0.061486770738063135,0.03931710389624255,-0.01511912304189532,0.04035727823851745
1652.723,-0.23384791749142927,0.06137750895673634,0.039898192446024106,-0.015612724086565206,0.04169859609169223
1654.652,-0.2344101217342516,0.061267822618396646,0.04046467241090829,-0.01608416437958749,0.04304258981938653
1656.58,-0.23495278416499116,0.06116313970988472,0.04104689833318445,-0.016548317018347528,0.044406985252531804
1658.509,-0.2354713920011642,0.06106309017529569,0.041645859459280204,-0.01700543554090055,0.04580002890460801
1660.437,-0.23596776630809968,0.060963665974768905,0.04225156876480026,-0.01744138142953629,0.04722265321814878
1662.366,-0.2364398335107987,0.060865314635824445,0.042877456658380116,-0.017854910425329,0.04864144390438599
1664.294,-0.23688930865787367,0.06076116759091779,0.04353929960499162,-0.01825783357290397,0.05005118447193427
1666.223,-0.23731243620298942,0.06065434269046316,0.044222681736454314,-0.01864560262655581,0.051436329575232184
1668.151,-0.23771083854902839,0.060547127636273734,0.044912799119289436,-0.018989843358576206,0.052794294551064005
1670.08,-0.23809008532304196,0.060437102646410064,0.045598257571458155,-0.019268911034860534,0.0541265005677731
1672.008,-0.2384514663513623,0.06033091913558071,0.046266408721822756,-0.019466797622353867,0.05542711554319308
1673.937,-0.23879505556616762,0.06022236727145372,0.04692210690589538,-0.019586143265134595,0.05663993140248731
1675.865,-0.23912295220080879,0.06010346783512939,0.04756191045547353,-0.019621578753607365,0.05771100347702927
1677.794,-0.2394368167772885,0.059974075193512943,0.04816366490914173,-0.01956231146847952,0.05861092819020287
1679.722,-0.23973605775734777,0.05984011522012764,0.048720393427717855,-0.01939224871138677,0.05931287258276651
1681.651,-0.2400242626541469,0.05970129370366069,0.04922057389752826,-0.01910639385075923,0.05985822044511726
1683.579,-0.24029259933253863,0.05955992100625234,0.04969564798555054,-0.018733208571662885,0.060258856808120216
1685.508,-0.24054366524376533,0.059411975507106383,0.05014362056620946,-0.018283590649826847,0.06050698460583698
1687.436,-0.2407822976797843,0.0592555253051696,0.05055526351857857,-0.017768369819875826,0.060636821486428606
1689.365,-0.24101006546208545,0.05909099783757424,0.05091604195150881,-0.017180184564228585,0.0606081868905332
1691.293,-0.2412239007930857,0.05892071499290246,0.051245913493802184,-0.01653358761233785,0.06041653575722506
1693.222,-0.241425457037737,0.058745148719362435,0.05153523114331216,-0.01583376687629438,0.06009783772278877
1695.15,-0.24161599583174181,0.05856587175237147,0.05178554483325375,-0.015073066455975465,0.05963017631830505
1697.079,-0.24179990918655747,0.05838278566322224,0.05198948458682855,-0.014243628123281784,0.059050896621950205
1699.007,-0.24197761972427184,0.058195837327927206,0.05215458551296113,-0.013348004125067264,0.05834960072598155
1700.936,-0.24214837975756737,0.05799258474886484,0.052309811125535004,-0.012416614676525214,0.05748815733090393
1702.864,-0.2423106461107599,0.057774298147578965,0.05245725272472352,-0.011446666405731989,0.0564794738123983
1704.793,-0.2424678186828643,0.0575436102007408,0.05257737717636769,-0.010418375810966347,0.0553694727139349
1706.721,-0.24261859562005333,0.05730431051859455,0.05267103935851045,-0.009333857149747767,0.05418146666115904
1708.65,-0.2427637741826272,0.05705711506000988,0.05273325000068478,-0.008185855711406934,0.05290359493999642
1710.578,-0.2429041274815323,0.05680159151191888,0.05275860284432367,-0.006977385741632561,0.051544237865142686
1712.507,-0.24303674204678924,0.05653967414812355,0.05276486558938319,-0.005725673753221824,0.050140154931833
1714.435,-0.24316074410379937,0.0562735876561042,0.05275192263815789,-0.0044431029420022765,0.048710782117800264
1716.364,-0.2432779857565422,0.05600172714710615,0.05272698900747079,-0.003148418687742002,0.04729388768300826
1718.292,-0.2433857887437711,0.055723569076897066,0.05271594880826718,-0.0018604150675574215,0.04588901893022234
1720.221,-0.2434845255027826,0.05544035798190791,0.052698504511523935,-0.0005740634199333974,0.044490672555077285
1722.149,-0.24357574109019678,0.055153317797481415,0.05266786103827347,0.0007053695364586987,0.04311508697337775
1724.078,-0.24366114984315862,0.054861799481774866,0.05262745744943732,0.001968379516149165,0.041780385925257374
1726.006,-0.24374095833678402,0.054565007756480086,0.05258986292696524,0.00319876524313311,0.040468479090112856
1727.935,-0.24382005651733557,0.05425910910441024,0.05254622598673376,0.004390753673447055,0.039192394553866264
1729.863,-0.24389527500901056,0.05395082216081448,0.05250742931609276,0.005545853148051448,0.03795105063158666
1731.792,-0.24397052504302522,0.053639617578067976,0.05246171902877382,0.006669437536160845,0.03675372566519761
1733.72,-0.24404917882893598,0.05332504615971702,0.05240256290947219,0.007758548006406058,0.03559100309390346
1735.649,-0.24413079578629496,0.05300973454016454,0.052330667971745196,0.008814200159320983,0.03444524409964642
1737.577,-0.24421662679687975,0.05269552659648028,0.05224083266504862,0.009838546081296504,0.033323742495546066
1739.506,-0.24430685079465228,0.05238207319122189,0.052141827065338,0.010818980558260622,0.032251289227270545
1741.434,-0.24439981940243818,0.05207113213809173,0.05203953816220942,0.011756515172185907,0.031203157325536676
1743.363,-0.2444991151282843,0.0517610177198714,0.05192871180596352,0.012664063504048929,0.030173770416278146
1745.291,-0.24460491066991577,0.051454586988436614,0.05180099546083848,0.013542496166840015,0.029183829550240313
1747.22,-0.24472183931999397,0.05115196548337176,0.05163188236947155,0.01441055878941892,0.028243699433692152
1749.148,-0.2448518213791174,0.050853289508809615,0.0514226741477479,0.015272900701704393,0.02734530220065732
1751.077,-0.24499429403166512,0.050559743710563106,0.05117259368851935,0.016134340339449472,0.026491353059268363
1753.005,-0.2451524996867229,0.050269249151878886,0.05088965190520815,0.016998020867732184,0.025688478786446547
1754.934,-0.24532561569183123,0.0499829482994319,0.05058994653247214,0.017864679107746424,0.024942233992659085
1756.862,-0.24551621098363058,0.04970031483508951,0.05027241939134079,0.018730166077988004,0.024274655141788733
1758.791,-0.24572688855758892,0.049421573485231594,0.04992564767765378,0.019608842735952876,0.02364989274629291
1760.719,-0.24596174260777737,0.049145571063516406,0.04953890699734287,0.020500098042850273,0.02305402413768428
1762.648,-0.24621745069543777,0.04887234267946496,0.04913522996071805,0.02139365892396488,0.022503059339804635
1764.576,-0.24649995975599737,0.048597441417062674,0.048722671864404724,0.022293122069767093,0.022043501658630588
1766.505,-0.24680852136470738,0.04832054798842844,0.048323893391729024,0.023190514771510056,0.021666717358672403
1768.433,-0.24714640798942225,0.0480412543618463,0.0479109097644896,0.024105960680268965,0.021342661995508303
1770.362,-0.24751024132921615,0.0477609825175278,0.0474813350925737,0.025037414459221235,0.021010463841085958
1772.29,-0.2479012547932457,0.04747853748554226,0.047031025584244386,0.025969807548974818,0.020648223420686077
1774.219,-0.24832408599212882,0.04719281331802451,0.046553687457398185,0.02690486881478014,0.020257839690217768
1776.147,-0.24878105664229797,0.046904346616890615,0.04604403277259531,0.02783906315641152,0.0198471423867767
1778.076,-0.24926208014916693,0.04661739606074926,0.045530822095088595,0.028759780155865004,0.0193460565290703
1780.004,-0.24977440206435061,0.04632865618641361,0.04500746128457557,0.02966729203247922,0.018797135223367647
1781.933,-0.2503192471539482,0.04604170360327662,0.04446116127237139,0.030566684905681128,0.018206763010990046
1783.861,-0.25089716230332865,0.04575651816881043,0.04386934850154216,0.03146302279340913,0.01751844454061657
1785.79,-0.251507149452712,0.04547402587744026,0.043230701921599,0.032360289503429625,0.016706908614522287
1787.718,-0.2521495570598044,0.04519243949153768,0.04256204498395898,0.03323556633451981,0.01582331897380264
1789.647,-0.2528255976868758,0.044905909162927596,0.041884668419795816,0.034082913913698026,0.014920909848121625
1791.575,-0.2535318058693359,0.04461698474998639,0.04121327287952683,0.03490557899976733,0.013989518531918472
1793.504,-0.25426877732950853,0.04432651600667324,0.04053027562950555,0.03570809602993846,0.013025413850523112
1795.432,-0.25503436626522363,0.04403531586231007,0.03982433309429922,0.036493493400405606,0.01200922492229874
1797.361,-0.25582857353747174,0.04374230688724299,0.03909839363953207,0.03725693053045522,0.010941713039501814
1799.289,-0.25664778845400693,0.04344957030888929,0.03836517224170857,0.03798933737387603,0.009846376521330694
1801.218,-0.2574898032000814,0.043157928309806,0.037625277631395074,0.03869245602216163,0.008749641686637251
1803.146,-0.2583538705149739,0.0428686364582202,0.03688192432060196,0.0393673713130509,0.007676048039065048
1805.075,-0.2592399766816365,0.04258030758376066,0.036135492979503615,0.04000996674466708,0.006645398262605534
1807.003,-0.2601477366977799,0.04229455897816719,0.035390066728884326,0.0406304931978456,0.005635904304247195
1808.932,-0.26107862440886037,0.04201276476670261,0.03463996097484309,0.041235463769071515,0.004626741861288802
1810.86,-0.26203146288182455,0.04173647911946709,0.03389083923701874,0.04180616243952313,0.003669183005032662
1812.789,-0.2630072567729299,0.041463867392276164,0.033148060022040376,0.04233766155719796,0.002820341128334713
1814.717,-0.26400312957972216,0.04119767054899015,0.032427319448881234,0.042832772518055465,0.0020690630692950995
1816.646,-0.2650135288677555,0.04093633190216991,0.03174781909868892,0.043275602610707745,0.0014085089233678478
1818.574,-0.2660426271836552,0.04067637379486388,0.031098375348709215,0.04367043660211206,0.0008476821671153325
1820.503,-0.2670868385495876,0.04041864211695654,0.030486275496258663,0.044013604590445135,0.0003609834293411672
1822.431,-0.26814864989793735,0.04016004707295776,0.02990473640294854,0.04430748984145613,-2.7007438871990843e-05
1824.36,-0.2692269728371478,0.03990275553823193,0.029352842128505197,0.04455650339247008,-0.00029585607401809726
1826.288,-0.2703180374134982,0.03964710639943664,0.0288256719177236,0.04476515765486145,-0.0004772274598518934
1828.217,-0.27142118716672553,0.039393077115893085,0.028304966610561498,0.044937767242911694,-0.0005764432147776014
1830.145,-0.2725397884165867,0.03914024620366108,0.02778273024979271,0.045087375717051306,-0.000599768980198181
1832.074,-0.2736721812102951,0.0388907432588993,0.027252203707013586,0.04521895845018642,-0.0005808417177822847
1834.002,-0.2748168553808986,0.0386481771018448,0.026717589471832993,0.045327724773542494,-0.0005161216314709628
1835.931,-0.2759740611020772,0.03841511210124917,0.026174758125524344,0.04542600866129522,-0.0004311009274999331
1837.859,-0.27714313428263476,0.038191665209756635,0.02562358226400215,0.045512374617850904,-0.00032777919411004774
1839.788,-0.27832434886338664,0.03797572941176706,0.02506555878543155,0.04559918728099425,-0.00023713623154241438
1841.716,-0.2795141678821572,0.0377695434699638,0.024511332494607616,0.04569293673299196,-0.00019195101056904672
1843.645,-0.28071451341968573,0.037570541013537656,0.023948712362607993,0.04580052880374397,-0.00016778879934858213
1845.573,-0.2819275151191622,0.03737886475241387,0.02336301116270649,0.0459222527234149,-0.00014423461015572496
1847.502,-0.283152325837179,0.03719344485608365,0.0227493698676883,0.04606687443049359,-0.00013961941755759194
1849.43,-0.28438821959185995,0.03701167643103548,0.02211789902970895,0.04624393118412493,-0.0001834594102930638
1851.359,-0.285634715698155,0.03683271741025589,0.021481169603808446,0.04643383595744048,-0.00024329492748073335
1853.287,-0.2868977392110062,0.036652640020531424,0.020822580848572067,0.04665027330153848,-0.00032010702034981946
1855.216,-0.2881752370090516,0.03647145926755811,0.02013366328283741,0.04690148243005476,-0.00045542432488520057
1857.144,-0.28946792562002893,0.03628823544866148,0.01940886148474396,0.047184253993867054,-0.0006429993598575267
1859.073,-0.29077236593136185,0.03610568872995823,0.018648330137032584,0.047492299571861296,-0.0008914892907757602
1861.001,-0.2920881895154935,0.0359235270296478,0.017856811228777608,0.0478164966638364,-0.001182904518527028
1862.93,-0.29341950644879006,0.03573785928449365,0.017018415155681938,0.04816879272444329,-0.0015064327647505709
1864.858,-0.2947623538042247,0.03554804131488684,0.01615632588568163,0.04854237927223059,-0.0018938593304858608
1866.786,-0.29611629065799294,0.03535295083056931,0.015278735265730573,0.048926217621331106,-0.002309190348439899
1868.715,-0.29748237979496206,0.03515271171578323,0.014375740685340591,0.04932520610080089,-0.0027339806151467526
1870.644,-0.2988597004223155,0.034948931971575364,0.013437831907942802,0.049748200095522305,-0.0031874046940136252
1872.572,-0.3002487589207635,0.03473951019168535,0.012465326579879298,0.050188161462235946,-0.0036695371191096927
1874.5,-0.3016497029627382,0.03452280395204182,0.011471181001611283,0.050640135798368534,-0.004181726826143089
1876.429,-0.3030634117292686,0.03429760882218136,0.0104695144037403,0.05109551014215242,-0.004688308870977026
1878.358,-0.30449026844086086,0.03406473741591515,0.00946973241463013,0.05154761179281234,-0.005156534150237321
1880.286,-0.3059328648736607,0.033822734517741884,0.008458723910767933,0.05200876474275802,-0.005618441191266104
1882.215,-0.3073876206079843,0.03357487507319446,0.007433187120781973,0.052488316110204054,-0.006120240236720724
1884.143,-0.3088570425378555,0.03332122142696865,0.006387106472111056,0.05299068194931754,-0.006627047706868133
1886.072,-0.3103427755505922,0.03306128031657388,0.005317508321352375,0.05351464428821452,-0.007132742446386452
1888.0,-0.31184253578488424,0.03279518018381461,0.004238779469497885,0.05404316395670004,-0.007623141758346493
1889.929,-0.3133553224148313,0.03252418243740097,0.0031495199369730303,0.05457779746334529,-0.008069913984694574
1891.857,-0.3148779558870648,0.03225003072322136,0.0020653020493242645,0.055118234488958716,-0.00849015466406799
1893.786,-0.316412597082258,0.03197100785286289,0.0009910841642742877,0.05565578252048698,-0.008860915956787188
1895.714,-0.31795743273908356,0.03169008763091374,-6.311094271906451e-05,0.05618112082714076,-0.009181915148675689
1897.643,-0.31951373707093506,0.031406640611876584,-0.0011099600927321391,0.056703710233629044,-0.009476458226188138
1899.571,-0.3210800869071798,0.031122907458027132,-0.002139840174471671,0.057224202514542265,-0.009748959107726463
1901.5,-0.3226592074579722,0.03083749095508623,-0.0031527455320021327,0.05773067954882388,-0.009956216239425398
1903.428,-0.3242468632528763,0.030554458263731515,-0.004137999025246603,0.05821930471790547,-0.01011100788519456
1905.357,-0.32584438884258854,0.03027416263296268,-0.005097386194139237,0.05870180592513537,-0.010219643684732002
1907.285,-0.3274508265801437,0.029996892449115464,-0.0060238860116600575,0.059173201252446385,-0.010301668023791791
1909.214,-0.3290694048128244,0.029720433960796412,-0.006941474563813836,0.05964429585296426,-0.010336741562935662
1911.142,-0.33069557723792403,0.029446564160395972,-0.007838745773984097,0.06011427897656845,-0.010352796214970319
1913.071,-0.3323293504214426,0.029175182199706932,-0.008710934608619214,0.060572803403128976,-0.010337211771573403
1914.999,-0.3339711039508467,0.02890514439105962,-0.00955912218661181,0.061004660267842674,-0.010248437446771851
1916.927,-0.33561572267031475,0.02863916043179881,-0.010376399959196883,0.06140210808653928,-0.010092679206634397
1918.856,-0.33726420422292297,0.028377177348182032,-0.011154852935273242,0.06175596222156924,-0.00984599567298767
1920.785,-0.3389199672846192,0.02811956267842128,-0.01189561518007703,0.06206785171659828,-0.009497194242320586
1922.713,-0.3405821477212289,0.027867573659415303,-0.012600345268559009,0.06233052688314072,-0.009059189677810477
1924.641,-0.3422498357462521,0.02762195019301798,-0.013272622130079804,0.06254774205574908,-0.008551528994174488
1926.57,-0.34392443946697865,0.027382024093607887,-0.01391601292466339,0.06271472994101192,-0.00795379294262711
1928.499,-0.34560356717179114,0.027149852225656697,-0.014520458239855176,0.06281697411153174,-0.007259626038179128
1930.427,-0.3472853950675554,0.02692846668138411,-0.015080479949438714,0.0628491931657992,-0.006476079096521434
1932.355,-0.34897751817620487,0.02671286487147238,-0.01562472407232441,0.0628306385791267,-0.005609570365089517
1934.284,-0.35067685692430384,0.026503325881820933,-0.01615177018076422,0.06275825275338545,-0.004700043938077038
1936.213,-0.3523842814126773,0.026300279809463537,-0.016678057375466702,0.0626537440160787,-0.0037717630476171936
1938.141,-0.35410008855612685,0.026103199731505235,-0.01720796191813414,0.06251353498281464,-0.0028269051788489753
1940.069,-0.3558256953520895,0.02591217312788453,-0.01774466713007358,0.06234907917806419,-0.0018606550385835555
1941.998,-0.35755743812982826,0.02572913720015807,-0.018277854021272293,0.062152943398623,-0.0008717632772712472
1943.927,-0.35929750836488955,0.02555181730762986,-0.018814281871571963,0.061938136760960896,0.0001314475581630381
1945.855,-0.3610482522029795,0.025376716364664955,-0.01935585791210192,0.06171754858846874,0.0011323284039396952
1947.783,-0.3628060368772607,0.025205580330618885,-0.019902951605663983,0.06149734219475235,0.002105671245552103
1949.712,-0.3645741962946815,0.02503419580065308,-0.020466084651056628,0.061286939726253244,0.003039337203434286
1951.641,-0.3663521521566464,0.024862232739514382,-0.021048038371208787,0.061087406800546994,0.00394463302877713
1953.569,-0.3681359478188598,0.024692451059318266,-0.021649838941710343,0.06090130814187545,0.004820575324146053
1955.497,-0.3699275804135113,0.02452404404027227,-0.022276748432086983,0.06073596613648922,0.0056657018694003585
1957.426,-0.3717267751029976,0.02435799351840548,-0.022926197476515916,0.06058935251825919,0.00647469228854846
1959.354,-0.3735332982475743,0.024192319315248803,-0.023604368189254064,0.060464046903861875,0.007231068143078907
1961.283,-0.3753470143194612,0.02402548420973847,-0.024306300733757644,0.060358088445206695,0.007928800369837008
1963.211,-0.37716523304614685,0.023860429575463325,-0.02501769371395141,0.06025994051743931,0.00858583439157763
1965.14,-0.3789848645814761,0.023698642077156076,-0.02572632336074124,0.06015466527680683,0.00921185840494664
1967.068,-0.38080694525785724,0.023540106541406734,-0.026432210889115775,0.06005102109858586,0.009809791584876326
1968.997,-0.38262959251430956,0.02338577198871656,-0.02713053328439057,0.05994981149525035,0.010368302624562752
1970.925,-0.3844531091479294,0.023234248939682504,-0.027823110484290155,0.05984895945578862,0.010905831968329577
1972.854,-0.3862767197240436,0.02308477769745552,-0.028498373786552546,0.059741165091551016,0.011443098204626396
1974.782,-0.3881007439581178,0.02293634507386432,-0.02915762021684087,0.05962593545362812,0.011984893937550175
1976.711,-0.38992180865916776,0.022789885490857694,-0.029789422846998814,0.059494424559624184,0.012502163561928533
1978.639,-0.39173871997596227,0.02264637300912663,-0.03040344682445771,0.05935448880535441,0.012992031334743496
1980.568,-0.39354933366684774,0.0225090933173012,-0.031009710537283634,0.0592125140569367,0.013463390064702459
1982.496,-0.39535259695093883,0.022378092045349227,-0.03161267269578831,0.05905767185305531,0.013934299850586748
1984.425,-0.3971462406734168,0.022252492550022738,-0.03220575426219809,0.05888477028233415,0.014404959384740642
1986.354,-0.3989249136428725,0.022131940602938226,-0.032780354183971135,0.058686570747607594,0.0148720841149635
1988.282,-0.4006889414680854,0.02201451822154479,-0.03333890907869103,0.05845771573258129,0.015359974482346442
1990.21,-0.40243354080749827,0.021903965144612805,-0.03387403881984192,0.05819038658909929,0.01587849704204707
1992.139,-0.404157101677813,0.021799995925114387,-0.03438712886775169,0.057890370037846084,0.016412982733151234
1994.068,-0.40586136883977486,0.021699576887770192,-0.034883788078732894,0.05755335889694803,0.016987566279314213
1995.996,-0.4075433156801123,0.021605136608863595,-0.035354835979002325,0.057176971054598964,0.017616158202204725
1997.924,-0.40920362068521116,0.021514870813252998,-0.03580511101442472,0.05676670643603181,0.018305262922561613
1999.853,-0.41083829021720997,0.02143105297587273,-0.036218455371949905,0.05631445898886993,0.019042582495233072
2001.781,-0.41244917771483386,0.021352422206742078,-0.036593616392580415,0.055824482812049304,0.019827969127149476
2003.71,-0.41403588670415864,0.021278437254295686,-0.03693066043372853,0.055295806410429374,0.020648164309559403
2005.638,-0.41559706881588926,0.021210202900887636,-0.03723899643754984,0.05473600910461187,0.021503000412308605
2007.567,-0.417134215560214,0.021147350993807386,-0.03752844523496551,0.05415373309790887,0.022394316724929118
2009.495,-0.41864614882207446,0.021088446479998163,-0.037791407768456395,0.05354169540620828,0.02331836411819954
2011.424,-0.42013443697057645,0.021029413435562246,-0.038019591623220036,0.05289560066376359,0.024293673583955875
2013.352,-0.4215964848878788,0.02097100005907038,-0.03820684461108306,0.05222004389443284,0.025302666695926106
2015.281,-0.42303258054636833,0.02091287754724123,-0.03835960610710745,0.05151594556754685,0.026340320868292185
2017.209,-0.4244431866309309,0.020855118240745874,-0.038490454404477244,0.050793425839825025,0.027396772594121307
2019.138,-0.42582768699375306,0.020796775467667523,-0.0385987769463866,0.050056156939545,0.028445767202623835
2021.066,-0.42718565447198437,0.020736898953319042,-0.03868027186246375,0.04929653754425456,0.029490601369696435
2022.995,-0.42851851981031697,0.020675816039202134,-0.038743534576371676,0.048528971395855804,0.030533829142569614
2024.923,-0.4298242163995741,0.020615830510887976,-0.038791963091738865,0.0477674245421073,0.03157287489385798
2026.852,-0.4311036763176904,0.020555965943259175,-0.03883003709429615,0.047020404368349276,0.03259919839833362
2028.78,-0.43235526551349324,0.020496811192409117,-0.0388542573248409,0.046290496081671996,0.0335836276756051
2030.709,-0.4335845628136967,0.020435404465254728,-0.038890622113149906,0.04560001136912714,0.03452431961628632
2032.637,-0.4347862272044435,0.020375074708446,-0.038934421381107594,0.04494785251556022,0.03540674958639473
2034.566,-0.4359630409979127,0.02031337463898456,-0.03899099795236218,0.04433771005986496,0.03623917152331664
2036.494,-0.4371156501342039,0.02024888034483743,-0.03905363206029791,0.04376916224180256,0.037020318927941366
2038.423,-0.4382433620398764,0.020181005716598043,-0.039109730347197454,0.04323910223199225,0.03775138455714118
2040.351,-0.4393490372197117,0.020107905773256628,-0.039172478773050065,0.04276704774837911,0.03841767058540319
2042.28,-0.44042925745204864,0.020032369514761183,-0.0392417119928071,0.04235156375406557,0.038991562834269515
2044.208,-0.4414888378490313,0.01995052944307735,-0.03933892463619752,0.04200015326438131,0.03947815276855194
2046.137,-0.44252657840114507,0.019862276541142254,-0.03945227658650474,0.04170699252358684,0.039865936880047345
2048.065,-0.4435441157808832,0.01976616000374932,-0.03958461833323958,0.041472035608170275,0.04017346007059275
2049.994,-0.44454100233365523,0.019663158519687505,-0.03973021168496344,0.04129163467853417,0.04041965847407511
2051.922,-0.44551782918658794,0.01955264304697677,-0.039888899718766455,0.0411636176133543,0.04061675584880162
2053.851,-0.44647565098941533,0.019433254144230257,-0.04006425004944368,0.04108659333024844,0.04074571683019674
2055.779,-0.44741672404953153,0.01930405699239024,-0.04026455462686995,0.041056525572220184,0.04080911028847831
2057.708,-0.4483402933787352,0.01916644585832747,-0.04048524287752312,0.04107224224985485,0.04080272483357112
2059.636,-0.44924593201218077,0.019020147694338938,-0.040725675893829014,0.041121703979091914,0.040749182564344566
2061.565,-0.4501327512652846,0.018866140033659554,-0.04097969974306668,0.04119950993443335,0.04064425874335941
2063.493,-0.4510040156678218,0.01870343234961493,-0.04125976886567544,0.04131049302319044,0.040503359272831274
2065.422,-0.45185725066404775,0.01853500440071602,-0.041552918885164755,0.04144768543452195,0.040320896456238514
2067.35,-0.45269335089120544,0.018359520296095562,-0.04186297071733992,0.041608420079638664,0.04008533866288235
2069.279,-0.4535122510880506,0.01817890057471503,-0.042189150536758944,0.04178543825639488,0.03980204932167103
2071.207,-0.4543164003561783,0.017992555018701603,-0.04253169839540822,0.04196829006322487,0.039505520687333553
2073.136,-0.45510510705086243,0.01780193199419622,-0.04287731362192561,0.04214629717588633,0.03920650923871735
2075.064,-0.45587511135196357,0.01761088487446991,-0.04321209690438339,0.04230822800452776,0.038915307632087004
2076.993,-0.45662838077228696,0.017420014142901157,-0.0435329185242827,0.04245709808477375,0.03862726990187709
2078.921,-0.45736444903875334,0.01723006513668972,-0.043837224932793455,0.042584371322631334,0.03833767895146716
2080.85,-0.45808701766596893,0.01704125105896855,-0.04413424532849204,0.04269878423712521,0.03805292364687545
2082.778,-0.4587955092873132,0.016855132283907732,-0.04441662090092163,0.04278695390162673,0.03779374002116098
2084.707,-0.45948827983285245,0.016671856253909826,-0.044666621320665054,0.04284397753005894,0.03754445182698286
2086.635,-0.4601671349706753,0.016489396820668197,-0.04488842146026749,0.04287753509015403,0.03729632691647855
2088.564,-0.46083099825770013,0.0163100672262809,-0.04508098468991682,0.04288706292952321,0.03705609948575491
2090.492,-0.46147982558201056,0.016135023489120284,-0.04524879677414243,0.042876110347873,0.03684333646804429
2092.421,-0.46211413615682057,0.015963252919581245,-0.045391960118389287,0.04284440953009397,0.0366503825744347
2094.349,-0.462735646093603,0.015793885162916705,-0.045516369648255936,0.042797288115905684,0.036474604811936664
2096.278,-0.46334367714771135,0.01562719710533211,-0.045618654735467966,0.04272362918545157,0.03632979525406666
2098.206,-0.4639353171256797,0.015464705858295954,-0.04568307357847955,0.04261585178146323,0.03621121177321117
2100.135,-0.464515305217687,0.015303665766100477,-0.0457219238153288,0.04247759823030617,0.036149357159920535
2102.063,-0.46508292284448366,0.015146225558067355,-0.04573638512112733,0.042317854677031475,0.03613470648640038
2103.992,-0.46564079667428926,0.014991178994773976,-0.04573451550591122,0.04214393532119559,0.036149644186689575
2105.92,-0.46618666765834293,0.014841286946660098,-0.04571496850402198,0.04195705327193188,0.03618304938307114
2107.849,-0.4667232902363806,0.014695551067858262,-0.04568380935413773,0.04176464401741173,0.036251712292859874
2109.777,-0.4672504157467959,0.014553180411920823,-0.04562989164568936,0.04156689902384359,0.036351488658916145
2111.706,-0.46777029540856485,0.014411146559765508,-0.045548614366531695,0.04136693886563966,0.03647271350818043
2113.634,-0.46828458183024846,0.014268680681619116,-0.0454512625975952,0.04117706714681696,0.03660609304715929
2115.563,-0.4687929988442246,0.01412780445870602,-0.045336788937385,0.04100252288944361,0.03674755299232109
2117.491,-0.4692975521972304,0.013987408487040102,-0.045211339843297,0.04084597210746545,0.03690983464480999
2119.42,-0.4698000442896011,0.013845457180139673,-0.04508065624950014,0.040709515295066466,0.03707241845857098
2121.348,-0.4703003298222166,0.013702545486940755,-0.04494799164410414,0.04059281888053392,0.03721847145545321
2123.277,-0.47079981590260084,0.013557649229895174,-0.04481399069995934,0.040486426005048225,0.03737512213969226
2125.205,-0.47129699979106116,0.01341097295696756,-0.04467477529321808,0.040385025588418375,0.03753769781360371
2127.134,-0.4717936603629482,0.013261847222932149,-0.044545142713066796,0.0402949078325696,0.03769456749343391
2129.062,-0.472289178084126,0.013112462695007794,-0.04443539224265268,0.04022906667167219,0.03781456876929236
2130.991,-0.47278476563210353,0.012962928309044486,-0.044360868398010254,0.04019292385761987,0.037891186034256265
2132.919,-0.4732783697518788,0.012815171627721538,-0.04432558334392951,0.04019127681220696,0.03791858350076067
2134.848,-0.4737707691912211,0.012668349351764599,-0.04433203972897581,0.04022202052827964,0.03790290463200755
2136.776,-0.4742631451683938,0.012521041772563456,-0.04437334114932764,0.040279931361538734,0.03784265656765408
2138.705,-0.47475430645333105,0.012373044173691498,-0.044438205232654786,0.040357821562874506,0.03772592000264286
2140.633,-0.47524447877488596,0.01222453616364285,-0.04453400859216073,0.04046300997133396,0.037536430959641084
2142.562,-0.47573635279017734,0.01207369093210476,-0.04466355964537871,0.04059733120609338,0.037275764485602686
2144.49,-0.4762264522547362,0.011921636037956262,-0.04481148958735291,0.04074506316342384,0.03694021116009277
2146.419,-0.47671707614156306,0.011766554740782122,-0.04498479318817022,0.04091283070444851,0.036518944984420515
2148.347,-0.4772069652980279,0.011608472329984878,-0.045175781492543955,0.0410906044503177,0.03601769005902675
2150.276,-0.47769475245558757,0.011447201232156722,-0.045368603745474294,0.041268981045730846,0.03543744993020235
2152.204,-0.4781807441730387,0.01128158188438723,-0.04556923931157178,0.041442620761264884,0.034787709294378535
2154.133,-0.4786616490416729,0.01111572458296598,-0.04577268435182095,0.04161464007436623,0.034056114214717964
2156.061,-0.47913770833910785,0.010949834472307091,-0.045986272177412746,0.04179124389450897,0.0332467043725849
2157.99,-0.4796084476257612,0.010784894469513171,-0.04620916917108498,0.041972545618763936,0.032369057582687315
2159.918,-0.48007324902602433,0.010621777248681267,-0.04643922773222845,0.04216026391917072,0.031429067936819384
2161.847,-0.48053168846810657,0.010461036913161123,-0.046672413880480004,0.04235071077923417,0.03042812296090434
2163.775,-0.48098258653669407,0.01030366759618392,-0.046901804047085535,0.042534245531858056,0.029384809444806585
2165.704,-0.48142608520278235,0.010149196679283946,-0.04712651790539491,0.042711499437171944,0.02830585729621167
2167.632,-0.48186307790023586,0.009997109274849808,-0.04734658702927363,0.04288345241710251,0.027201800674704416
2169.561,-0.4822929921154793,0.009847693600755283,-0.04755202507291743,0.043041905496429875,0.026083869299820022
2171.489,-0.48271302938942523,0.009702917537949418,-0.047732463535360314,0.043181691648357994,0.024962468826690665
2173.418,-0.4831256057203676,0.009560314417619445,-0.047896008818507085,0.04330006453677666,0.023863966788947394
2175.346,-0.4835305774383724,0.009418539808345857,-0.04803127429274242,0.04338864100594929,0.02279022861066212
2177.275,-0.4839284605723332,0.00927840744980193,-0.048129514028395236,0.04344364775490063,0.021746766434804377
2179.203,-0.4843196665507708,0.009139446904554134,-0.04819394321344404,0.043464989056291314,0.02075573972387821
2181.132,-0.48470368447183115,0.009002004213385732,-0.048224762067410075,0.04345701786298048,0.019835152364692347
2183.06,-0.4850823000163733,0.00886568094425683,-0.04823677549163724,0.04343011544649012,0.018996655252857163
2184.989,-0.4854521913915996,0.008733855591244542,-0.04821304482674959,0.04337952291156564,0.0182238240141183
2186.917,-0.48581656696359937,0.00860445525464622,-0.04816330950335677,0.043317700747227766,0.017509239166248497
2188.846,-0.4861748669843117,0.008478200871163116,-0.04809380556688583,0.04324123567398066,0.01687002643903376
2190.774,-0.4865280845705395,0.00835523136236155,-0.04800593926612278,0.04315200850553294,0.016324791711644235
2192.703,-0.4868771796097261,0.00823371989277312,-0.047897747451303596,0.04305287995729336,0.015853771610148438
2194.631,-0.4872233032074157,0.008112386068587591,-0.04776952501344695,0.042950971945426755,0.015461489747115413
2196.56,-0.48756403045397845,0.00799399668729527,-0.04761395662092508,0.04283962925074678,0.01517391719914715
2198.488,-0.4878957983206976,0.007881926221455478,-0.047437594891721474,0.042722270153173286,0.014987061924898177
2200.417,-0.48822313650696986,0.007771084360905537,-0.04725843901588311,0.04260579166243124,0.01487676822364616
2202.345,-0.4885453524694156,0.007659127192727742,-0.04706694457527636,0.04248242128490109,0.014813229207470965
2204.274,-0.4888643878844704,0.007543687590112485,-0.04686236373520913,0.04235674462046145,0.014776446563551726
2206.202,-0.489179689333926,0.0074244323087210885,-0.04663864108683926,0.04221842628712217,0.014794798576611383
2208.131,-0.4894891923936776,0.007306422961262791,-0.04639684851531972,0.042072938921466546,0.014856545902013187
2210.059,-0.4897896066267582,0.0071915521876173855,-0.0461406379417218,0.04192133191418506,0.014945431175268096
2211.988,-0.49008269997574466,0.007075781932431023,-0.0458671354834074,0.0417623690386734,0.015081619830936577
2213.916,-0.49036560413453173,0.006958728613675397,-0.04556809076854026,0.04159177616464595,0.01525031295106124
2215.845,-0.49064292994550324,0.0068371853376029855,-0.045258346895266754,0.04141575484150305,0.01544114629779321
2217.773,-0.4909166167864796,0.006710664978264262,-0.04493980900030408,0.04124328152577587,0.01559686239578487
2219.702,-0.4911873800844747,0.006581542771929546,-0.04462236730280642,0.041075651235626696,0.015698005544964977
2221.63,-0.49145246962026684,0.0064561893591466996,-0.044310611393335246,0.040908898043960584,0.015763950604552712
2223.559,-0.49171764470409846,0.006331649809662094,-0.044012492013690764,0.04074473637544577,0.015790938420268633
2225.487,-0.4919824449993116,0.006208505402234527,-0.04373613675195727,0.04058587513286887,0.015733742711427433
2227.416,-0.4922510002552874,0.0060859802081805765,-0.04348365387711895,0.04041662567347767,0.015603006113896912
2229.344,-0.4925195216043067,0.005968785544567637,-0.04324075036847801,0.040219699739637696,0.015413491216531225
2231.273,-0.49278565341584585,0.0058593956406956214,-0.04300133452261688,0.03999154438855619,0.015167189819366857
2233.201,-0.49304614407962816,0.005760045470684827,-0.042754199740865785,0.0397367515276438,0.014877605529165065
2235.13,-0.49330047093661744,0.005668782312757648,-0.04250037244081642,0.03947529147674576,0.014532329003627584
2237.058,-0.4935415883141025,0.005580905404366733,-0.04221757906818329,0.0391941475141441,0.014152221584313897
2238.987,-0.49377051297045754,0.005490185059403737,-0.04189924765829527,0.03889394087856772,0.013788716087331617
2240.915,-0.4939823797778449,0.005396559723029493,-0.04153472255030203,0.03857692452162452,0.013401388781967258
2242.844,-0.49418162842518276,0.005295265405246622,-0.04114523031989409,0.038259147080769766,0.012957412327468736
2244.772,-0.4943716113816618,0.005186216038037763,-0.04074756117502362,0.037955427011839876,0.012464127792206835
2246.701,-0.4945513757412699,0.005072632016500913,-0.04034540171059094,0.037668083997426854,0.01191393628853338
2248.629,-0.4947268337967235,0.0049515429546757184,-0.039961119415620965,0.03740400677375319,0.011305166432954596
2250.558,-0.4949034611684916,0.004820547012065249,-0.039595525018091944,0.03715768425488961,0.010622601662290947
2252.486,-0.4950830910609846,0.0046839545517189255,-0.039257339333848944,0.03693215598348654,0.009850022739341997
2254.415,-0.4952667362747708,0.004549554311101437,-0.03895314542253991,0.03671916523430932,0.009005564699096734
2256.343,-0.49545536677818086,0.004421961471259392,-0.03869437507212713,0.03651990687174292,0.008100803690341427
2258.272,-0.4956530374463647,0.0043011215924188585,-0.03848807518930855,0.03634675963436955,0.0071263716133634115
2260.2,-0.4958599958278217,0.004187030595397298,-0.038325221215628424,0.036196505093768684,0.006082921209033952
2262.129,-0.4960783541246399,0.004079183693290571,-0.038201393327683845,0.03606723386265815,0.005001315495585576
2264.057,-0.49630429368962814,0.003981262216229982,-0.03810665372869873,0.0359509638484209,0.003898989974703035
2265.986,-0.49653568991802327,0.0038962051005527803,-0.03803554756769047,0.03584538714284442,0.0027815580717048243
2267.914,-0.49677647327137103,0.0038220986474444586,-0.03800308069751879,0.035771520646308785,0.0016534488731778489
2269.843,-0.49702245647537746,0.0037599901088168773,-0.037998956013229106,0.035722131084493285,0.0005030540747788813
2271.771,-0.4972750236017928,0.0037082134159482933,-0.03802418076419109,0.03570213843311234,-0.000651192570596953
2273.7,-0.4975334738750868,0.003667851939894807,-0.038078368273388744,0.03571546983527523,-0.0018048066868800114
2275.628,-0.497783510700818,0.0036388722812759028,-0.038124488288358176,0.03569969116756007,-0.002928455440877104
2277.557,-0.49803479094174224,0.0036153975699318025,-0.03818253214002686,0.03569280214786937,-0.004070747447970437
2279.485,-0.4982872009968037,0.00359734260576569,-0.038251858207524726,0.035694367050273394,-0.0052303448712666045
2281.414,-0.49854061055027377,0.003584608109369281,-0.03833176909369558,0.03570389994658542,-0.006405828848005036
2283.342,-0.49879487242447634,0.003577080752450086,-0.038421511485064785,0.035720864456305644,-0.007595698977302909
2285.271,-0.4990498225797872,0.0035746331578314985,-0.03852027615183936,0.03574467374662122,-0.008798373320158832
2287.199,-0.4993052801146344,0.0035771238994529307,-0.038627197947907754,0.03577469053240584,-0.010012188399449293
2289.128,-0.49956104726549855,0.0035843975023694425,-0.0387413558108399,0.03581022707622084,-0.011235399199930976
2291.056,-0.4998169094069124,0.003596284442752241,-0.03886177276188678,0.035850545188313716,-0.01246617916823988
2292.985,-0.5000726350514609,0.0036126011478882117,-0.03898741590598159,0.03589485622661937,-0.013702620212891647
2294.913,-0.5003279758497814,0.003633149996180189,-0.039117196431738506,0.035942321096759405,-0.014942732704281292
2296.842,-0.5005826665905634,0.0036577193171468624,-0.039249969611453536,0.0359920502520424,-0.016184445474683132
2298.77,-0.5008364252005485,0.003686083391422795,-0.03938453480110383,0.036043103693463814,-0.017425605818251314
2300.699,-0.5010889527445308,0.0037180024507585075,-0.039519635440347915,0.03609449096970602,-0.01866397949101875
2302.627,-0.5013399334253569,0.0037532226780203123,-0.0396539590525262,0.036145171177138447,-0.019897250710897905
2304.556,-0.5015890345839251,0.003791476207190382,-0.03978613724466046,0.036194052959817626,-0.021123022157681345
2306.484,-0.5018359066991864,0.0038324811233668575,-0.039914745707453986,0.03623999450948611,-0.022338814973041857
2308.413,-0.5020801833881438,0.0038759414627637353,-0.04003830421529113,0.036281803565574235,-0.023542068760529798
2310.341,-0.5023214814058525,0.003921547212710802,-0.04015527662623782,0.036318237415199184,-0.024730141585575495
2312.27,-0.5025594006454205,0.00396897431165384,-0.04026407088204226,0.03634800289316461,-0.025900309975489297
2314.198,-0.5027935241380075,0.004017884649154439,-0.04036303900813309,0.03636975638196153,-0.02704976891946089
2316.127,-0.5030234180528257,0.004067926065890129,-0.040450477113621236,0.036382103811767444,-0.02817563186855923
2318.055,-0.5032486316971395,0.004118732353654177,-0.04052462539129861,0.03638360066044733,-0.029274930735733503
2319.984,-0.5034686975162654,0.004169923255355899,-0.04058366811763845,0.03637275195355249,-0.030344615895810546
2321.912,-0.5036831310935729,0.004221104465020366,-0.04062573365279605,0.036348012264322015,-0.031381556185499156
2323.841,-0.5038914311504827,0.0042718676277886305,-0.04064889444060785,0.036307785713680624,-0.03238253890338485
2325.769,-0.5040930795464685,0.004321790339917627,-0.04065116700859146,0.036250425970240675,-0.0333442698099344
2327.698,-0.504287541279056,0.004370436148779914,-0.04063051196794677,0.03617423625030197,-0.03426337312749419
2329.626,-0.5044742644838233,0.004417354552864311,-0.040584834013554554,0.03607746931785041,-0.035136391540289254
2331.555,-0.5046526804344004,0.004462081001775235,-0.04051198192397714,0.035958327484558746,-0.035959786194424616
2333.483,-0.5048222035424701,0.004504136896233108,-0.04040974856145828,0.03581496260978745,-0.03672993669788453
2335.412,-0.5049822313577673,0.004543029588074224,-0.04027587087192375,0.035645476100583405,-0.037443141120531716
2337.34,-0.5051321445680788,0.004578252380250698,-0.04010802988497936,0.03544791891168005,-0.038095615994109516
2339.269,-0.5052713069992438,0.004609284526830531,-0.03990385071391461,0.03522029154549856,-0.03868349631224156
2341.197,-0.5053990656151545,0.004635591232997697,-0.039660902555698395,0.034960544052146714,-0.03920283553042919
2343.126,-0.5055147505177541,0.004656623655051885,-0.03937669869098249,0.03466657602941829,-0.03964960556605477
2345.054,-0.505617674947039,0.004671818900408841,-0.03904869648409921,0.03433623662279593,-0.04001969679837788
2346.983,-0.5057071352810578,0.0046806000276000655,-0.038674297383063105,0.03396732452544742,-0.04030891806854079
2348.911,-0.5057824110359108,0.004682376046272971,-0.038250846919569544,0.03355758797822821,-0.04051299667956191
2350.84,-0.5058427648657512,0.004676541917190842,-0.03777563470899581,0.03310472476968071,-0.04062757839634078
2352.768,-0.505887442562784,0.004662478552232867,-0.037245894450400344,0.03260638223603326,-0.04064822744565728
2354.697,-0.5059156730572665,0.004639552814394121,-0.036658803926523854,0.03206015726120331,-0.04057042651616873
2356.625,-0.5059266684175088,0.0046071175177855245,-0.036011485003787286,0.03146359627679291,-0.0403895767584136
2358.554,-0.5059196238498724,0.004564511427633823,-0.03530100363229386,0.030814195262092368,-0.04010099778480854
2360.482,-0.505893717698772,0.004511059260281755,-0.034524369845828275,0.030109399744078728,-0.03969992766965153
2362.411,-0.5058481114466739,0.004446071683187889,-0.03367853776185636,0.029346604797415007,-0.03918152294911684
2364.339,-0.5057819497140968,0.004368845314926679,-0.03276040558152578,0.028523155044452735,-0.038540858621261616
2366.268,-0.5056943602596118,0.00427866272518841,-0.03176681558966543,0.027636344655229034,-0.037772928146020394
2368.196,-0.5055844539798422,0.004174792434779315,-0.0306945541547855,0.026683417347468378,-0.036872643445207576
2370.125,-0.5054513249094635,0.0040564889156213925,-0.029540351729078235,0.02566156638658275,-0.03583483490251779
2372.053,-0.5052940502212036,0.003922992590752707,-0.028300882848416753,0.02456793458566976,-0.03465425136352441
2373.982,-0.5051116902258425,0.0037735298343269928,-0.02697276613235628,0.02339961430551495,-0.03332556013567941
2375.91,-0.5049032883722125,0.0036073129716140415,-0.025552564284132974,0.022153647454591058,-0.03184334698831688
2377.839,-0.5046678712471983,0.00342354027899938,-0.024036784090664683,0.0208270254890568,-0.030202116152647153
2379.767,-0.5044044485757369,0.0032213959839845446,-0.022421876422550426,0.019416689412757787,-0.028396290321763003
2381.696,-0.5041120132208171,0.0030000502651867816,-0.020704236234071697,0.017919529777227654,-0.02642021065063384
2383.624,-0.5037895411834807,0.002758659252339425,-0.01888020256318987,0.016332386681685625,-0.024268136756110673
2385.553,-0.503435991602821,0.002496365026291517,-0.016946058531549436,0.014652049773038868,-0.021934246716924018
2387.481,-0.5030503067559843,0.0022122956190080405,-0.014898031344474927,0.012875258245881073,-0.019412637073681342
2389.41,-0.5026314120581684,0.0019055650135698934,-0.01273229229097368,0.010998700842492899,-0.016697322828872645
2391.338,-0.5021782160626244,0.0015752731441737052,-0.010444956743733882,0.00901901585284164,-0.013782237446866599
2393.267,-0.5016896104606541,0.0012205058961322535,-0.00803208415912429,0.006932791114581969,-0.010661232853908213
2395.195,-0.5011644700816131,0.0008403351058739065,-0.005489678077197156,0.004736564013055163,-0.007328079438127071
2397.124,-0.5006016528929086,0.00043381856094307886,-0.00281368612168413,0.0024268214812892546,-0.0037764660495291065
2399.052,-0.5,3.161242471832747e-17,1.859939213770395e-18,-1.02495280359131e-16,-4.672124385429399e-17
