4.011380e+002,1.731283e+000
4.049951e+002,6.000000e+000
4.088522e+002,6.000000e+000
4.127093e+002,6.000000e+000
4.165664e+002,2.895624e+000
4.204235e+002,6.000000e+000
4.242806e+002,6.000000e+000
4.281377e+002,8.150886e-001
4.319948e+002,2.885358e-001
4.358519e+002,3.969180e-001
4.397090e+002,6.418098e-001
4.435660e+002,4.213471e-001
4.474232e+002,6.000000e+000
4.512802e+002,6.000000e+000
4.551373e+002,6.000000e+000
4.589944e+002,1.900231e+000
4.628515e+002,8.258861e-001
4.667086e+002,6.000000e+000
4.705657e+002,6.000000e+000
4.744228e+002,6.000000e+000
4.782799e+002,6.000000e+000
4.821370e+002,6.000000e+000
4.859941e+002,2.368138e-001
4.898512e+002,7.682603e-001
4.937083e+002,5.095807e-001
4.975654e+002,2.323650e-001
5.014225e+002,6.000000e+000
5.052796e+002,6.000000e+000
5.091367e+002,6.000000e+000
5.129938e+002,6.000000e+000
5.168509e+002,6.000000e+000
5.207080e+002,1.314202e-001
5.245651e+002,6.000000e+000
5.284222e+002,6.000000e+000
5.322793e+002,6.000000e+000
5.361364e+002,6.000000e+000
5.399935e+002,-3.445219e-001
5.438506e+002,6.000000e+000
5.477076e+002,6.000000e+000
5.515648e+002,6.000000e+000
5.554219e+002,6.000000e+000
5.592789e+002,1.297169e+000
5.631360e+002,6.000000e+000
5.669932e+002,6.000000e+000
5.708502e+002,6.000000e+000
5.747073e+002,6.000000e+000
5.785644e+002,4.074671e-001
5.824215e+002,5.327197e-001
5.862786e+002,1.435281e-001
5.901357e+002,6.000000e+000
5.939928e+002,6.000000e+000
5.978499e+002,5.429741e-001
6.017070e+002,2.371901e-001
6.055641e+002,1.465368e-001
6.094212e+002,2.534327e-002
6.132783e+002,6.000000e+000
6.171354e+002,9.902167e-001
6.209925e+002,-6.166569e-001
6.248495e+002,-1.315108e-001
6.287067e+002,8.068843e-001
6.325637e+002,6.875944e-001
6.364208e+002,7.050587e-001
6.402780e+002,6.000000e+000
6.441350e+002,6.000000e+000
6.479921e+002,6.000000e+000
6.518492e+002,6.000000e+000
6.557063e+002,6.000000e+000
6.595634e+002,6.000000e+000
6.634205e+002,6.000000e+000
6.672776e+002,6.000000e+000
6.711347e+002,6.000000e+000
6.749918e+002,6.000000e+000
6.788489e+002,6.000000e+000
6.827060e+002,-6.820945e-001
6.865631e+002,6.000000e+000
6.904202e+002,-1.006282e+000
6.942773e+002,6.000000e+000
6.981344e+002,6.000000e+000
7.019915e+002,6.000000e+000
7.058486e+002,6.000000e+000
7.097057e+002,6.000000e+000
7.135627e+002,6.000000e+000
7.174199e+002,6.000000e+000
7.212770e+002,6.176611e-002
7.251340e+002,6.000000e+000
7.289911e+002,6.000000e+000
7.328483e+002,-1.083740e+000
7.367053e+002,6.000000e+000
7.405624e+002,-6.837655e-001
7.444196e+002,-2.976655e-001
7.482766e+002,6.000000e+000
7.521337e+002,6.000000e+000
7.559908e+002,6.000000e+000
7.598479e+002,2.358841e-001
7.637050e+002,4.202982e-001
7.675621e+002,6.000000e+000
7.714192e+002,6.000000e+000
7.752763e+002,6.000000e+000
7.791334e+002,1.635642e+000
7.829905e+002,-2.804434e-001
7.868476e+002,-2.616112e+000
7.907047e+002,6.000000e+000
7.945618e+002,2.566229e-001
7.984189e+002,6.000000e+000
8.022760e+002,-5.950679e-001
8.061331e+002,9.680064e-001
8.099902e+002,9.320013e-001
8.138473e+002,6.000000e+000
8.177043e+002,6.000000e+000
8.215615e+002,1.764255e+000
8.254186e+002,1.432022e+000
8.292756e+002,6.000000e+000
8.331328e+002,6.000000e+000
8.369899e+002,1.961260e+000
8.408469e+002,1.298018e+000
8.447040e+002,1.292937e+000
8.485612e+002,1.528961e+000
8.524182e+002,2.145271e+000
8.562753e+002,2.019510e+000
8.601324e+002,2.460439e+000
8.639895e+002,6.000000e+000
8.678466e+002,1.707457e+000
8.717037e+002,1.433325e+000
8.755608e+002,1.605124e+000
8.794179e+002,2.810817e+000
8.832750e+002,2.320352e+000
8.871321e+002,2.038046e+000
8.909892e+002,3.698731e+000
8.948463e+002,2.628127e+000
8.987034e+002,2.124509e+000
9.025605e+002,6.000000e+000
9.064176e+002,6.000000e+000
9.102747e+002,6.000000e+000
9.141318e+002,2.815059e+000
9.179888e+002,2.833788e+000
9.218459e+002,2.726397e+000
9.257031e+002,6.000000e+000
9.295601e+002,2.681830e+000
9.334172e+002,2.600861e+000
9.372744e+002,3.637884e+000
9.411314e+002,2.747315e+000
9.449885e+002,6.000000e+000
9.488456e+002,6.000000e+000
9.527027e+002,2.456278e+000
9.565598e+002,2.717544e+000
9.604169e+002,6.000000e+000
9.642740e+002,6.000000e+000
9.681311e+002,2.488861e+000
9.719882e+002,2.387745e+000
9.758453e+002,6.000000e+000
9.797024e+002,6.000000e+000
9.835595e+002,6.000000e+000
9.874166e+002,6.000000e+000
9.912737e+002,6.000000e+000
9.951308e+002,6.000000e+000
9.989879e+002,6.000000e+000
1.002845e+003,6.000000e+000
1.006702e+003,6.000000e+000
1.010559e+003,3.490980e+000
1.014416e+003,2.473416e+000
1.018273e+003,2.497333e+000
1.022130e+003,2.348996e+000
1.025988e+003,2.189778e+000
1.029845e+003,2.209883e+000
1.033702e+003,2.375635e+000
1.037559e+003,2.350558e+000
1.041416e+003,2.214806e+000
1.045273e+003,2.104909e+000
1.049130e+003,2.088934e+000
1.052987e+003,2.157541e+000
1.056844e+003,2.133378e+000
1.060701e+003,2.036148e+000
1.064559e+003,2.093003e+000
1.068416e+003,2.067381e+000
1.072273e+003,1.979108e+000
1.076130e+003,1.952723e+000
1.079987e+003,1.959084e+000
1.083844e+003,1.974238e+000
1.087701e+003,1.983074e+000
1.091558e+003,2.004265e+000
1.095415e+003,2.027114e+000
1.099272e+003,2.008833e+000
1.103129e+003,1.882424e+000
1.106987e+003,1.856204e+000
1.110844e+003,1.836558e+000
1.114701e+003,1.789457e+000
1.118558e+003,1.773521e+000
1.122415e+003,1.782120e+000
1.126272e+003,1.754804e+000
1.130129e+003,1.716878e+000
1.133986e+003,1.709314e+000
1.137843e+003,1.735694e+000
1.141700e+003,1.770087e+000
1.145557e+003,1.763349e+000
1.149415e+003,1.713477e+000
1.153272e+003,1.738665e+000
1.157129e+003,1.797364e+000
1.160986e+003,1.788005e+000
1.164843e+003,1.715796e+000
1.168700e+003,1.694758e+000
1.172557e+003,1.713149e+000
1.176414e+003,1.686095e+000
1.180271e+003,1.667312e+000
1.184128e+003,1.659663e+000
1.187986e+003,1.675974e+000
1.191843e+003,1.703389e+000
1.195700e+003,1.715090e+000
1.199557e+003,1.696285e+000
1.203414e+003,1.674903e+000
1.207271e+003,1.655889e+000
1.211128e+003,1.587714e+000
1.214985e+003,1.511424e+000
1.218842e+003,1.432097e+000
1.222699e+003,1.346051e+000
1.226557e+003,1.254004e+000
1.230414e+003,1.174082e+000
1.234271e+003,1.099570e+000
1.238128e+003,1.027968e+000
1.241985e+003,9.741467e-001
1.245842e+003,9.254878e-001
1.249699e+003,8.780307e-001
1.253556e+003,8.336493e-001
1.257413e+003,7.971102e-001
1.261270e+003,7.657512e-001
1.265127e+003,7.412116e-001
1.268985e+003,7.156963e-001
1.272842e+003,6.930664e-001
1.276699e+003,6.718036e-001
1.280556e+003,6.513672e-001
1.284413e+003,6.353963e-001
1.288270e+003,6.181929e-001
1.292127e+003,6.025679e-001
1.295984e+003,5.899591e-001
1.299841e+003,5.761490e-001
1.303698e+003,5.654007e-001
1.307556e+003,5.561895e-001
1.311413e+003,5.461084e-001
1.315270e+003,5.375075e-001
1.319127e+003,5.299179e-001
1.322984e+003,5.214187e-001
1.326841e+003,5.136141e-001
1.330698e+003,5.072597e-001
1.334555e+003,5.042703e-001
1.338412e+003,5.029246e-001
1.342269e+003,4.988721e-001
1.346126e+003,4.969630e-001
1.349984e+003,4.985929e-001
1.353841e+003,5.017071e-001
1.357698e+003,5.043367e-001
1.361555e+003,5.065999e-001
1.365412e+003,5.122516e-001
1.369269e+003,5.208753e-001
1.373126e+003,5.304487e-001
1.376983e+003,5.437825e-001
1.380840e+003,5.575287e-001
1.384698e+003,5.732759e-001
1.388555e+003,5.917225e-001
1.392412e+003,6.102173e-001
1.396269e+003,6.295198e-001
1.400126e+003,6.499947e-001
1.403983e+003,6.698390e-001
1.407840e+003,6.904798e-001
1.411697e+003,7.115365e-001
1.415554e+003,7.298082e-001
1.419411e+003,7.472156e-001
1.423268e+003,7.608446e-001
1.427125e+003,7.693166e-001
1.430983e+003,7.747813e-001
1.434840e+003,7.778932e-001
1.438697e+003,7.759718e-001
1.442554e+003,7.695111e-001
1.446411e+003,7.618943e-001
1.450268e+003,7.500247e-001
1.454125e+003,7.351899e-001
1.457982e+003,7.206233e-001
1.461839e+003,7.093137e-001
1.465697e+003,7.015221e-001
1.469553e+003,6.978917e-001
1.473411e+003,6.987024e-001
1.477268e+003,7.034931e-001
1.481125e+003,7.124371e-001
1.484982e+003,7.260295e-001
1.488839e+003,7.410561e-001
1.492696e+003,7.551081e-001
1.496553e+003,7.686879e-001
1.500410e+003,7.817156e-001
1.504267e+003,7.906373e-001
1.508125e+003,7.924415e-001
1.511982e+003,7.913686e-001
1.515839e+003,7.882321e-001
1.519696e+003,7.807817e-001
1.523553e+003,7.727042e-001
1.527410e+003,7.578486e-001
1.531267e+003,7.418352e-001
1.535124e+003,7.282683e-001
1.538981e+003,7.109686e-001
1.542838e+003,6.878356e-001
1.546696e+003,6.656637e-001
1.550552e+003,6.474035e-001
1.554410e+003,6.328114e-001
1.558267e+003,6.186898e-001
1.562124e+003,6.019228e-001
1.565981e+003,5.883284e-001
1.569838e+003,5.786409e-001
1.573695e+003,5.708993e-001
1.577552e+003,5.651782e-001
1.581409e+003,5.624932e-001
1.585266e+003,5.637476e-001
1.589124e+003,5.677946e-001
1.592981e+003,5.771208e-001
1.596838e+003,5.898187e-001
1.600695e+003,6.052440e-001
1.604552e+003,6.260279e-001
1.608409e+003,6.526549e-001
1.612266e+003,6.830134e-001
1.616123e+003,7.167921e-001
1.619980e+003,7.494151e-001
1.623837e+003,7.810633e-001
1.627695e+003,8.105574e-001
1.631552e+003,8.325599e-001
1.635409e+003,8.439268e-001
1.639266e+003,8.424657e-001
1.643123e+003,8.335155e-001
1.646980e+003,8.183771e-001
1.650837e+003,7.977301e-001
1.654694e+003,7.744827e-001
1.658551e+003,7.463361e-001
1.662408e+003,7.162104e-001
1.666265e+003,6.844477e-001
1.670123e+003,6.552550e-001
1.673980e+003,6.291958e-001
1.677837e+003,6.018098e-001
1.681694e+003,5.767382e-001
1.685551e+003,5.530736e-001
1.689408e+003,5.317125e-001
1.693265e+003,5.132625e-001
1.697122e+003,4.971038e-001
1.700979e+003,4.838060e-001
1.704836e+003,4.716627e-001
1.708694e+003,4.614162e-001
1.712551e+003,4.556689e-001
1.716408e+003,4.508625e-001
1.720265e+003,4.468116e-001
1.724122e+003,4.441676e-001
1.727979e+003,4.398907e-001
1.731836e+003,4.350075e-001
1.735693e+003,4.317062e-001
1.739550e+003,4.294285e-001
1.743407e+003,4.255340e-001
1.747264e+003,4.227734e-001
1.751122e+003,4.217715e-001
1.754979e+003,4.198125e-001
1.758836e+003,4.164691e-001
1.762693e+003,4.149645e-001
1.766550e+003,4.154225e-001
1.770407e+003,4.152625e-001
1.774264e+003,4.143505e-001
1.778121e+003,4.134318e-001
1.781978e+003,4.132309e-001
1.785835e+003,4.112363e-001
1.789693e+003,4.089442e-001
1.793550e+003,4.073202e-001
1.797407e+003,4.052227e-001
1.801264e+003,4.029819e-001
1.805121e+003,4.007629e-001
1.808978e+003,3.996767e-001
1.812835e+003,3.979252e-001
1.816692e+003,3.950906e-001
1.820549e+003,3.927526e-001
1.824406e+003,3.913412e-001
1.828263e+003,3.892236e-001
1.832121e+003,3.864492e-001
1.835978e+003,3.845454e-001
1.839835e+003,3.843598e-001
1.843692e+003,3.844752e-001
1.847549e+003,3.838294e-001
1.851406e+003,3.821093e-001
1.855263e+003,3.817359e-001
1.859120e+003,3.817993e-001
1.862977e+003,3.813914e-001
1.866834e+003,3.800402e-001
1.870692e+003,3.778775e-001
1.874549e+003,3.760338e-001
1.878406e+003,3.745091e-001
1.882263e+003,3.733865e-001
1.886120e+003,3.717867e-001
1.889977e+003,3.689607e-001
1.893834e+003,3.658425e-001
1.897691e+003,3.640185e-001
1.901548e+003,3.627270e-001
1.905406e+003,3.629651e-001
1.909262e+003,3.635713e-001
1.913120e+003,3.631009e-001
1.916977e+003,3.622269e-001
1.920834e+003,3.608200e-001
1.924691e+003,3.597287e-001
1.928548e+003,3.598107e-001
1.932405e+003,3.592561e-001
1.936262e+003,3.568902e-001
1.940119e+003,3.552707e-001
1.943976e+003,3.538638e-001
1.947833e+003,3.512381e-001
1.951691e+003,3.477115e-001
1.955548e+003,3.451703e-001
1.959405e+003,3.434737e-001
1.963262e+003,3.412985e-001
1.967119e+003,3.391827e-001
1.970976e+003,3.380527e-001
1.974833e+003,3.365925e-001
1.978690e+003,3.350446e-001
1.982547e+003,3.347319e-001
1.986405e+003,3.344353e-001
1.990261e+003,3.348432e-001
1.994119e+003,3.349551e-001
1.997976e+003,3.351263e-001
2.001833e+003,3.348010e-001
2.005690e+003,3.340663e-001
2.009547e+003,3.334921e-001
2.013404e+003,3.320639e-001
2.017261e+003,3.298848e-001
2.021118e+003,3.279006e-001
2.024975e+003,3.262897e-001
2.028833e+003,3.246181e-001
2.032690e+003,3.231589e-001
2.036547e+003,3.219617e-001
2.040404e+003,3.207470e-001
2.044261e+003,3.191779e-001
2.048118e+003,3.181408e-001
2.051975e+003,3.181325e-001
2.055832e+003,3.182465e-001
2.059689e+003,3.181420e-001
2.063546e+003,3.178978e-001
2.067404e+003,3.180461e-001
2.071260e+003,3.182300e-001
2.075118e+003,3.182498e-001
2.078975e+003,3.173535e-001
2.082832e+003,3.161418e-001
2.086689e+003,3.143510e-001
2.090546e+003,3.121924e-001
2.094403e+003,3.112086e-001
2.098260e+003,3.103513e-001
2.102117e+003,3.092403e-001
2.105974e+003,3.082932e-001
2.109832e+003,3.071081e-001
2.113689e+003,3.076522e-001
2.117546e+003,3.089923e-001
2.121403e+003,3.089548e-001
2.125260e+003,3.091802e-001
2.129117e+003,3.096597e-001
2.132974e+003,3.113318e-001
2.136831e+003,3.131410e-001
2.140688e+003,3.139828e-001
2.144545e+003,3.148564e-001
2.148403e+003,3.150438e-001
2.152260e+003,3.139862e-001
2.156117e+003,3.133011e-001
2.159974e+003,3.129945e-001
2.163831e+003,3.128225e-001
2.167688e+003,3.121378e-001
2.171545e+003,3.110192e-001
2.175402e+003,3.101622e-001
2.179259e+003,3.098541e-001
2.183116e+003,3.106796e-001
2.186973e+003,3.113461e-001
2.190831e+003,3.128189e-001
2.194688e+003,3.141676e-001
2.198545e+003,3.155096e-001
2.202402e+003,3.172631e-001
2.206259e+003,3.180639e-001
2.210116e+003,3.199247e-001
2.213973e+003,3.223115e-001
2.217830e+003,3.228307e-001
2.221687e+003,3.233655e-001
2.225544e+003,3.238218e-001
2.229401e+003,3.233266e-001
2.233259e+003,3.235419e-001
2.237116e+003,3.234573e-001
2.240973e+003,3.221420e-001
2.244830e+003,3.207732e-001
2.248687e+003,3.210896e-001
2.252544e+003,3.225754e-001
2.256401e+003,3.238457e-001
2.260258e+003,3.258123e-001
2.264115e+003,3.277016e-001
2.267972e+003,3.290014e-001
2.271830e+003,3.307103e-001
2.275687e+003,3.321782e-001
2.279544e+003,3.329576e-001
2.283401e+003,3.336090e-001
2.287258e+003,3.346880e-001
2.291115e+003,3.361674e-001
2.294972e+003,3.376736e-001
2.298829e+003,3.378054e-001
2.302686e+003,3.371114e-001
2.306543e+003,3.376472e-001
2.310400e+003,3.388739e-001
2.314258e+003,3.395324e-001
2.318115e+003,3.409085e-001
2.321972e+003,3.431048e-001
2.325829e+003,3.444139e-001
2.329686e+003,3.468757e-001
2.333543e+003,3.485362e-001
2.337400e+003,3.496198e-001
2.341257e+003,3.509658e-001
2.345114e+003,3.501841e-001
2.348971e+003,3.491424e-001
2.352829e+003,3.531090e-001
2.356686e+003,3.589138e-001
2.360543e+003,3.596376e-001
2.364400e+003,3.580442e-001
2.368257e+003,3.567567e-001
2.372114e+003,3.531494e-001
2.375971e+003,3.470091e-001
2.379828e+003,3.421083e-001
2.383685e+003,3.394678e-001
2.387542e+003,3.377738e-001
2.391399e+003,3.370610e-001
2.395257e+003,3.359091e-001
2.399114e+003,3.345745e-001
2.402971e+003,3.345072e-001
2.406828e+003,3.348488e-001
2.410685e+003,3.353725e-001
2.414542e+003,3.353604e-001
2.418399e+003,3.353198e-001
2.422256e+003,3.349772e-001
2.426113e+003,3.342042e-001
2.429970e+003,3.343934e-001
2.433828e+003,3.350534e-001
2.437685e+003,3.346714e-001
2.441542e+003,3.327739e-001
2.445399e+003,3.316872e-001
2.449256e+003,3.310155e-001
2.453113e+003,3.290284e-001
2.456970e+003,3.261597e-001
2.460827e+003,3.253171e-001
2.464684e+003,3.252205e-001
2.468541e+003,3.246284e-001
2.472398e+003,3.241771e-001
2.476256e+003,3.241463e-001
2.480113e+003,3.238456e-001
2.483970e+003,3.242918e-001
2.487827e+003,3.248565e-001
2.491684e+003,3.257794e-001
2.495541e+003,3.271801e-001
2.499398e+003,3.275726e-001
2.503255e+003,3.271810e-001
2.507112e+003,3.275038e-001
2.510969e+003,3.271009e-001
2.514826e+003,3.265072e-001
2.518684e+003,3.266518e-001
2.522541e+003,3.262206e-001
2.526398e+003,3.261493e-001
2.530255e+003,3.268362e-001
2.534112e+003,3.276712e-001
2.537969e+003,3.284335e-001
2.541826e+003,3.290163e-001
2.545683e+003,3.293623e-001
2.549540e+003,3.299426e-001
2.553397e+003,3.321294e-001
2.557255e+003,3.352551e-001
2.561112e+003,3.366072e-001
2.564969e+003,3.388600e-001
2.568826e+003,3.410945e-001
2.572683e+003,3.430024e-001
2.576540e+003,3.445759e-001
2.580397e+003,3.466567e-001
2.584254e+003,3.488057e-001
2.588111e+003,3.500951e-001
2.591969e+003,3.507874e-001
2.595825e+003,3.523518e-001
2.599683e+003,3.546303e-001
2.603540e+003,3.574357e-001
2.607397e+003,3.597223e-001
2.611254e+003,3.604366e-001
2.615111e+003,3.625675e-001
2.618968e+003,3.654334e-001
2.622825e+003,3.678297e-001
2.626682e+003,3.702293e-001
2.630539e+003,3.737201e-001
2.634396e+003,3.769180e-001
2.638254e+003,3.814098e-001
2.642111e+003,3.857848e-001
2.645968e+003,3.882602e-001
2.649825e+003,3.903444e-001
2.653682e+003,3.930105e-001
2.657539e+003,3.961875e-001
2.661396e+003,3.995796e-001
2.665253e+003,4.029796e-001
2.669110e+003,4.053727e-001
2.672968e+003,4.075854e-001
2.676824e+003,4.104645e-001
2.680682e+003,4.133882e-001
2.684539e+003,4.174373e-001
2.688396e+003,4.211233e-001
2.692253e+003,4.247141e-001
2.696110e+003,4.283422e-001
2.699967e+003,4.323440e-001
2.703824e+003,4.363784e-001
2.707681e+003,4.406999e-001
2.711538e+003,4.455554e-001
2.715396e+003,4.486617e-001
2.719253e+003,4.532095e-001
2.723110e+003,4.577263e-001
2.726967e+003,4.605407e-001
2.730824e+003,4.647859e-001
2.734681e+003,4.712771e-001
2.738538e+003,4.758969e-001
2.742395e+003,4.771525e-001
2.746252e+003,4.794953e-001
2.750109e+003,4.838511e-001
2.753967e+003,4.879652e-001
2.757823e+003,4.928328e-001
2.761681e+003,4.984324e-001
2.765538e+003,5.019423e-001
2.769395e+003,5.064722e-001
2.773252e+003,5.117456e-001
2.777109e+003,5.152005e-001
2.780966e+003,5.199071e-001
2.784823e+003,5.248807e-001
2.788680e+003,5.313040e-001
2.792537e+003,5.374707e-001
2.796395e+003,5.421153e-001
2.800252e+003,5.464996e-001
2.804109e+003,5.509994e-001
2.807966e+003,5.557166e-001
2.811823e+003,5.602017e-001
2.815680e+003,5.642204e-001
2.819537e+003,5.699608e-001
2.823394e+003,5.762944e-001
2.827251e+003,5.804166e-001
2.831108e+003,5.841378e-001
2.834966e+003,5.893881e-001
2.838823e+003,5.965040e-001
2.842680e+003,6.015776e-001
2.846537e+003,6.063401e-001
2.850394e+003,6.126626e-001
2.854251e+003,6.197835e-001
2.858108e+003,6.261367e-001
2.861965e+003,6.317669e-001
2.865822e+003,6.366559e-001
2.869679e+003,6.416470e-001
2.873536e+003,6.453088e-001
2.877394e+003,6.515303e-001
2.881251e+003,6.584130e-001
2.885108e+003,6.644521e-001
2.888965e+003,6.692363e-001
2.892822e+003,6.746203e-001
2.896679e+003,6.807471e-001
2.900536e+003,6.869789e-001
2.904393e+003,6.944846e-001
2.908250e+003,7.016029e-001
2.912107e+003,7.092501e-001
2.915965e+003,7.156527e-001
2.919822e+003,7.211236e-001
2.923679e+003,7.261668e-001
2.927536e+003,7.326570e-001
2.931393e+003,7.418532e-001
2.935250e+003,7.485141e-001
2.939107e+003,7.540476e-001
2.942964e+003,7.615256e-001
2.946821e+003,7.693712e-001
2.950678e+003,7.721351e-001
2.954535e+003,7.768191e-001
2.958393e+003,7.848031e-001
2.962250e+003,7.926284e-001
2.966107e+003,7.974859e-001
2.969964e+003,8.033866e-001
2.973821e+003,8.092697e-001
2.977678e+003,8.164670e-001
2.981535e+003,8.236627e-001
2.985392e+003,8.316626e-001
2.989249e+003,8.408380e-001
2.993106e+003,8.473317e-001
2.996964e+003,8.525247e-001
3.000821e+003,8.631918e-001
3.004678e+003,8.710482e-001
3.008535e+003,8.736830e-001
3.012392e+003,8.788221e-001
3.016249e+003,8.876206e-001
3.020106e+003,8.968106e-001
3.023963e+003,9.021173e-001
3.027820e+003,9.079463e-001
3.031677e+003,9.161305e-001
3.035534e+003,9.257712e-001
3.039392e+003,9.298275e-001
3.043249e+003,9.367833e-001
3.047106e+003,9.483907e-001
3.050963e+003,9.559014e-001
3.054820e+003,9.596565e-001
3.058677e+003,9.653773e-001
3.062534e+003,9.751552e-001
3.066391e+003,9.825338e-001
3.070248e+003,9.893765e-001
3.074105e+003,9.977217e-001
3.077963e+003,1.005503e+000
3.081820e+003,1.013457e+000
3.085677e+003,1.022485e+000
3.089534e+003,1.034123e+000
3.093391e+003,1.041471e+000
3.097248e+003,1.045037e+000
3.101105e+003,1.054145e+000
3.104962e+003,1.066480e+000
3.108819e+003,1.076419e+000
3.112677e+003,1.083687e+000
3.116533e+003,1.092175e+000
3.120391e+003,1.100910e+000
3.124248e+003,1.109648e+000
3.128105e+003,1.121257e+000
3.131962e+003,1.128735e+000
3.135819e+003,1.135184e+000
3.139676e+003,1.144368e+000
3.143533e+003,1.149503e+000
3.147390e+003,1.152420e+000
3.151247e+003,1.163679e+000
3.155104e+003,1.171549e+000
3.158962e+003,1.186334e+000
3.162819e+003,1.198156e+000
3.166676e+003,1.201153e+000
3.170533e+003,1.203402e+000
3.174390e+003,1.216750e+000
3.178247e+003,1.234308e+000
3.182104e+003,1.242856e+000
3.185961e+003,1.246738e+000
3.189818e+003,1.253166e+000
3.193675e+003,1.260219e+000
3.197532e+003,1.260902e+000
3.201390e+003,1.268288e+000
3.205247e+003,1.279108e+000
3.209104e+003,1.282779e+000
3.212961e+003,1.292048e+000
3.216818e+003,1.305617e+000
3.220675e+003,1.315313e+000
3.224532e+003,1.317703e+000
3.228389e+003,1.323896e+000
3.232246e+003,1.329149e+000
3.236104e+003,1.332468e+000
3.239960e+003,1.347865e+000
3.243818e+003,1.360325e+000
3.247675e+003,1.357897e+000
3.251532e+003,1.354673e+000
3.255389e+003,1.358221e+000
3.259246e+003,1.373240e+000
3.263103e+003,1.388921e+000
3.266960e+003,1.391692e+000
3.270817e+003,1.407210e+000
3.274674e+003,1.416118e+000
3.278531e+003,1.414727e+000
3.282389e+003,1.414321e+000
3.286246e+003,1.416784e+000
3.290103e+003,1.415614e+000
3.293960e+003,1.418584e+000
3.297817e+003,1.429716e+000
3.301674e+003,1.437066e+000
3.305531e+003,1.443527e+000
3.309388e+003,1.453957e+000
3.313245e+003,1.456677e+000
3.317103e+003,1.458121e+000
3.320959e+003,1.472270e+000
3.324817e+003,1.479832e+000
3.328674e+003,1.478893e+000
3.332531e+003,1.476702e+000
3.336388e+003,1.493364e+000
3.340245e+003,1.499379e+000
3.344102e+003,1.505156e+000
3.347959e+003,1.526834e+000
3.351816e+003,1.523825e+000
3.355673e+003,1.511731e+000
3.359531e+003,1.521456e+000
3.363388e+003,1.530391e+000
3.367245e+003,1.554680e+000
3.371102e+003,1.568715e+000
3.374959e+003,1.550788e+000
3.378816e+003,1.545288e+000
3.382673e+003,1.559859e+000
3.386530e+003,1.570901e+000
3.390387e+003,1.583411e+000
3.394244e+003,1.582948e+000
3.398102e+003,1.579917e+000
3.401958e+003,1.578814e+000
3.405816e+003,1.565411e+000
3.409673e+003,1.578706e+000
3.413530e+003,1.596971e+000
3.417387e+003,1.614768e+000
3.421244e+003,1.632660e+000
3.425101e+003,1.623550e+000
3.428958e+003,1.628616e+000
3.432815e+003,1.629975e+000
3.436672e+003,1.613608e+000
3.440530e+003,1.613123e+000
3.444387e+003,1.644402e+000
3.448244e+003,1.647920e+000
3.452101e+003,1.624077e+000
3.455958e+003,1.638950e+000
3.459815e+003,1.655108e+000
3.463672e+003,1.637940e+000
3.467529e+003,1.629619e+000
3.471386e+003,1.651318e+000
3.475243e+003,1.652428e+000
3.479101e+003,1.641602e+000
3.482958e+003,1.645736e+000
3.486815e+003,1.669526e+000
3.490672e+003,1.677912e+000
3.494529e+003,1.671867e+000
3.498386e+003,1.674726e+000
3.502243e+003,1.665423e+000
3.506100e+003,1.694926e+000
3.509957e+003,1.702310e+000
3.513814e+003,1.667992e+000
3.517671e+003,1.699743e+000
3.521529e+003,1.718177e+000
3.525386e+003,1.692661e+000
3.529243e+003,1.673213e+000
3.533100e+003,1.647814e+000
3.536957e+003,1.649555e+000
3.540814e+003,1.661712e+000
3.544671e+003,1.640227e+000
3.548528e+003,1.618080e+000
3.552385e+003,1.622393e+000
3.556242e+003,1.643273e+000
3.560100e+003,1.632954e+000
3.563957e+003,1.609542e+000
3.567814e+003,1.573579e+000
3.571671e+003,1.557983e+000
3.575528e+003,1.567722e+000
3.579385e+003,1.560726e+000
3.583242e+003,1.558935e+000
3.587099e+003,1.539640e+000
3.590956e+003,1.504303e+000
3.594813e+003,1.485339e+000
3.598670e+003,1.444322e+000
3.602528e+003,1.399056e+000
3.606385e+003,1.363903e+000
3.610242e+003,1.311725e+000
3.614099e+003,1.251442e+000
3.617956e+003,1.198092e+000
3.621813e+003,1.138220e+000
3.625670e+003,1.072748e+000
3.629527e+003,1.003955e+000
3.633384e+003,9.322740e-001
3.637241e+003,8.656932e-001
3.641099e+003,7.965752e-001
3.644956e+003,7.245203e-001
3.648813e+003,6.592343e-001
3.652670e+003,5.978613e-001
3.656527e+003,5.413622e-001
3.660384e+003,4.916697e-001
3.664241e+003,4.451767e-001
3.668098e+003,4.026979e-001
3.671955e+003,3.646554e-001
3.675813e+003,3.300376e-001
3.679669e+003,3.015083e-001
3.683527e+003,2.781295e-001
3.687384e+003,2.566829e-001
3.691241e+003,2.369698e-001
3.695098e+003,2.196633e-001
3.698955e+003,2.055788e-001
3.702812e+003,1.941209e-001
3.706669e+003,1.836607e-001
3.710526e+003,1.740482e-001
3.714383e+003,1.667470e-001
3.718240e+003,1.611195e-001
3.722098e+003,1.544629e-001
3.725955e+003,1.500381e-001
3.729812e+003,1.458716e-001
3.733669e+003,1.420842e-001
3.737526e+003,1.390233e-001
3.741383e+003,1.360220e-001
3.745240e+003,1.330715e-001
3.749097e+003,1.300272e-001
3.752954e+003,1.281640e-001
3.756812e+003,1.271880e-001
3.760668e+003,1.253080e-001
3.764526e+003,1.233580e-001
3.768383e+003,1.218304e-001
3.772240e+003,1.201333e-001
3.776097e+003,1.186581e-001
3.779954e+003,1.181472e-001
3.783811e+003,1.178484e-001
3.787668e+003,1.174156e-001
3.791525e+003,1.174158e-001
3.795382e+003,1.173255e-001
3.799240e+003,1.160823e-001
3.803097e+003,1.156021e-001
3.806954e+003,1.154720e-001
3.810811e+003,1.145220e-001
3.814668e+003,1.134727e-001
3.818525e+003,1.127805e-001
3.822382e+003,1.124828e-001
3.826239e+003,1.120102e-001
3.830096e+003,1.114019e-001
3.833953e+003,1.111974e-001
3.837811e+003,1.104788e-001
3.841667e+003,1.092727e-001
3.845525e+003,1.094714e-001
3.849382e+003,1.097235e-001
3.853239e+003,1.096821e-001
3.857096e+003,1.095820e-001
3.860953e+003,1.097521e-001
3.864810e+003,1.088021e-001
3.868667e+003,1.077695e-001
3.872524e+003,1.082012e-001
3.876381e+003,1.079579e-001
3.880239e+003,1.072529e-001
3.884096e+003,1.071337e-001
3.887953e+003,1.069660e-001
3.891810e+003,1.062384e-001
3.895667e+003,1.062706e-001
3.899524e+003,1.057002e-001
3.903381e+003,1.055975e-001
3.907238e+003,1.055083e-001
3.911095e+003,1.059300e-001
3.914952e+003,1.061229e-001
3.918810e+003,1.054270e-001
3.922667e+003,1.047728e-001
3.926524e+003,1.040841e-001
3.930381e+003,1.043321e-001
3.934238e+003,1.047231e-001
3.938095e+003,1.038237e-001
3.941952e+003,1.046685e-001
3.945809e+003,1.047329e-001
3.949666e+003,1.041162e-001
3.953523e+003,1.046257e-001
3.957380e+003,1.040689e-001
3.961238e+003,1.033457e-001
3.965094e+003,1.027724e-001
3.968952e+003,1.018539e-001
3.972809e+003,1.011830e-001
3.976666e+003,1.022118e-001
3.980523e+003,1.029147e-001
3.984380e+003,1.016547e-001
3.988237e+003,1.003561e-001
3.992094e+003,1.002590e-001
3.995951e+003,1.006684e-001
3.999808e+003,1.008966e-001
4.003666e+003,1.013483e-001
4.007523e+003,1.009218e-001
4.011380e+003,1.000265e-001
4.015237e+003,9.965013e-002
4.019094e+003,9.985286e-002
4.022951e+003,1.002419e-001
4.026808e+003,9.996980e-002
4.030665e+003,9.944823e-002
4.034522e+003,1.002235e-001
4.038379e+003,1.006472e-001
4.042237e+003,9.991366e-002
4.046094e+003,9.963699e-002
4.049951e+003,9.876896e-002
4.053808e+003,9.882469e-002
4.057665e+003,9.916724e-002
4.061522e+003,9.756532e-002
4.065379e+003,9.642781e-002
4.069236e+003,9.696071e-002
4.073093e+003,9.707423e-002
4.076950e+003,9.643989e-002
4.080807e+003,9.658356e-002
4.084665e+003,9.618573e-002
4.088522e+003,9.518810e-002
4.092379e+003,9.479130e-002
4.096236e+003,9.545448e-002
4.100093e+003,9.663575e-002
4.103950e+003,9.659903e-002
4.107807e+003,9.479538e-002
4.111665e+003,9.464641e-002
4.115521e+003,9.457728e-002
4.119378e+003,9.328549e-002
4.123236e+003,9.254454e-002
4.127093e+003,9.279556e-002
4.130950e+003,9.311712e-002
4.134807e+003,9.355037e-002
4.138664e+003,9.332328e-002
4.142521e+003,9.315407e-002
4.146378e+003,9.257509e-002
4.150235e+003,9.101935e-002
4.154092e+003,8.980703e-002
4.157950e+003,9.072874e-002
4.161807e+003,9.238741e-002
4.165664e+003,9.218231e-002
4.169521e+003,9.121144e-002
4.173378e+003,8.997811e-002
4.177235e+003,9.028614e-002
4.181092e+003,9.087262e-002
4.184949e+003,9.124496e-002
4.188806e+003,9.093078e-002
4.192664e+003,8.978218e-002
4.196521e+003,8.870219e-002
4.200377e+003,8.839708e-002
4.204235e+003,8.964775e-002
4.208092e+003,8.964135e-002
4.211949e+003,8.934616e-002
4.215806e+003,8.968563e-002
4.219663e+003,8.881836e-002
4.223520e+003,8.720354e-002
4.227377e+003,8.738357e-002
4.231234e+003,8.925178e-002
4.235091e+003,8.803471e-002
4.238949e+003,8.745513e-002
4.242806e+003,8.834936e-002
4.246663e+003,8.927274e-002
4.250520e+003,8.979485e-002
4.254377e+003,8.947825e-002
4.258234e+003,8.965442e-002
4.262091e+003,9.000600e-002
4.265948e+003,9.095141e-002
4.269805e+003,9.013145e-002
4.273663e+003,8.861023e-002
4.277520e+003,8.860430e-002
4.281376e+003,8.920413e-002
4.285234e+003,8.879987e-002
4.289091e+003,8.794796e-002
4.292948e+003,8.763993e-002
4.296805e+003,8.838096e-002
4.300662e+003,8.858065e-002
4.304519e+003,8.930090e-002
4.308376e+003,9.031110e-002
4.312233e+003,8.934620e-002
4.316090e+003,8.886780e-002
4.319948e+003,8.987357e-002
4.323805e+003,9.135028e-002
4.327662e+003,9.223508e-002
4.331519e+003,9.200507e-002
4.335376e+003,9.266203e-002
4.339233e+003,9.265342e-002
4.343090e+003,9.166730e-002
4.346947e+003,9.233199e-002
4.350804e+003,9.316228e-002
4.354662e+003,9.355867e-002
4.358519e+003,9.393987e-002
4.362375e+003,9.405761e-002
4.366233e+003,9.317111e-002
4.370090e+003,9.261852e-002
4.373947e+003,9.378794e-002
4.377804e+003,9.393695e-002
4.381661e+003,9.354363e-002
4.385518e+003,9.498469e-002
4.389375e+003,9.580916e-002
4.393232e+003,9.581916e-002
4.397089e+003,9.553568e-002
4.400947e+003,9.616022e-002
4.404804e+003,9.763289e-002
4.408661e+003,9.999629e-002
4.412518e+003,1.000199e-001
4.416375e+003,9.962828e-002
4.420232e+003,9.944278e-002
4.424089e+003,9.972678e-002
4.427946e+003,9.852324e-002
4.431803e+003,9.891556e-002
4.435661e+003,9.934001e-002
4.439518e+003,9.755557e-002
4.443375e+003,9.701154e-002
4.447232e+003,9.665616e-002
4.451089e+003,9.702583e-002
4.454946e+003,9.782486e-002
4.458803e+003,9.804775e-002
4.462660e+003,9.914306e-002
4.466517e+003,1.008874e-001
4.470375e+003,1.003073e-001
4.474231e+003,1.002938e-001
4.478088e+003,1.024899e-001
4.481946e+003,1.022822e-001
4.485803e+003,1.031599e-001
4.489660e+003,1.028352e-001
4.493517e+003,1.012102e-001
4.497374e+003,1.011352e-001
4.501231e+003,1.019446e-001
4.505088e+003,1.021441e-001
4.508945e+003,1.014346e-001
4.512802e+003,9.959824e-002
4.516660e+003,9.994987e-002
4.520517e+003,1.012010e-001
4.524374e+003,1.007080e-001
4.528231e+003,1.014093e-001
4.532088e+003,1.021804e-001
4.535945e+003,1.014493e-001
4.539802e+003,1.009091e-001
4.543659e+003,1.019795e-001
4.547516e+003,1.027336e-001
4.551374e+003,1.029512e-001
4.555230e+003,1.030384e-001
4.559087e+003,1.018393e-001
4.562945e+003,1.004386e-001
4.566802e+003,1.007422e-001
4.570659e+003,1.022146e-001
4.574516e+003,1.011467e-001
4.578373e+003,1.008233e-001
4.582230e+003,1.011013e-001
4.586087e+003,1.004860e-001
4.589944e+003,9.860148e-002
4.593801e+003,9.825751e-002
4.597659e+003,9.847107e-002
4.601516e+003,9.920189e-002
4.605373e+003,9.846292e-002
4.609230e+003,9.642855e-002
4.613087e+003,9.923366e-002
4.616944e+003,1.022970e-001
4.620801e+003,1.023105e-001
4.624658e+003,1.032840e-001
4.628515e+003,1.033970e-001
4.632373e+003,1.022863e-001
4.636229e+003,1.021293e-001
4.640086e+003,1.025925e-001
4.643944e+003,1.028141e-001
4.647801e+003,1.015908e-001
4.651658e+003,9.962791e-002
4.655515e+003,1.009500e-001
4.659372e+003,1.015959e-001
4.663229e+003,1.017991e-001
4.667086e+003,1.033774e-001
4.670943e+003,1.035986e-001
4.674800e+003,1.032692e-001
4.678658e+003,1.027084e-001
4.682515e+003,1.030249e-001
4.686372e+003,1.033418e-001
4.690229e+003,1.037354e-001
4.694086e+003,1.041715e-001
4.697943e+003,1.035132e-001
4.701800e+003,1.042048e-001
4.705657e+003,1.060944e-001
4.709514e+003,1.070795e-001
4.713372e+003,1.081478e-001
4.717229e+003,1.087495e-001
4.721085e+003,1.091534e-001
4.724943e+003,1.080052e-001
4.728800e+003,1.055481e-001
4.732657e+003,1.043139e-001
4.736514e+003,1.050735e-001
4.740371e+003,1.063430e-001
4.744228e+003,1.075952e-001
4.748085e+003,1.097901e-001
4.751942e+003,1.098027e-001
4.755799e+003,1.068781e-001
4.759657e+003,1.063991e-001
4.763514e+003,1.095660e-001
4.767371e+003,1.110843e-001
4.771228e+003,1.106403e-001
4.775085e+003,1.106496e-001
4.778942e+003,1.094538e-001
4.782799e+003,1.109974e-001
4.786656e+003,1.140762e-001
4.790513e+003,1.136779e-001
4.794371e+003,1.137830e-001
4.798228e+003,1.137979e-001
4.802084e+003,1.124722e-001
4.805942e+003,1.123732e-001
4.809799e+003,1.119137e-001
4.813656e+003,1.116134e-001
4.817513e+003,1.111730e-001
4.821370e+003,1.126282e-001
4.825227e+003,1.154194e-001
4.829084e+003,1.131421e-001
4.832941e+003,1.108415e-001
4.836798e+003,1.128943e-001
4.840656e+003,1.131400e-001
4.844513e+003,1.147010e-001
4.848370e+003,1.163614e-001
4.852227e+003,1.158145e-001
4.856084e+003,1.167120e-001
4.859941e+003,1.191186e-001
4.863798e+003,1.196583e-001
4.867655e+003,1.185857e-001
4.871512e+003,1.160538e-001
4.875370e+003,1.162906e-001
4.879227e+003,1.165757e-001
4.883083e+003,1.172390e-001
4.886941e+003,1.181312e-001
4.890798e+003,1.183208e-001
4.894655e+003,1.181666e-001
4.898512e+003,1.174137e-001
4.902369e+003,1.201283e-001
4.906226e+003,1.217810e-001
4.910083e+003,1.221123e-001
4.913940e+003,1.213187e-001
4.917797e+003,1.186863e-001
4.921655e+003,1.208284e-001
4.925512e+003,1.238564e-001
4.929369e+003,1.237307e-001
4.933226e+003,1.228708e-001
4.937083e+003,1.239488e-001
4.940940e+003,1.242388e-001
4.944797e+003,1.262988e-001
4.948654e+003,1.284414e-001
4.952511e+003,1.264268e-001
4.956369e+003,1.249565e-001
4.960226e+003,1.258103e-001
4.964083e+003,1.276010e-001
4.967940e+003,1.277392e-001
4.971797e+003,1.267867e-001
4.975654e+003,1.264393e-001
4.979511e+003,1.262323e-001
4.983368e+003,1.269961e-001
4.987225e+003,1.276766e-001
4.991083e+003,1.287747e-001
4.994939e+003,1.297185e-001
4.998796e+003,1.321525e-001
5.002654e+003,1.340251e-001
5.006511e+003,1.326878e-001
5.010368e+003,1.311009e-001
5.014225e+003,1.315175e-001
5.018082e+003,1.330553e-001
5.021939e+003,1.324273e-001
5.025796e+003,1.306019e-001
5.029653e+003,1.324109e-001
5.033510e+003,1.345224e-001
5.037368e+003,1.326313e-001
5.041225e+003,1.318009e-001
5.045082e+003,1.324596e-001
5.048939e+003,1.337278e-001
5.052796e+003,1.323314e-001
5.056653e+003,1.303343e-001
5.060510e+003,1.314714e-001
5.064367e+003,1.356422e-001
5.068224e+003,1.384256e-001
5.072082e+003,1.371269e-001
5.075938e+003,1.368320e-001
5.079795e+003,1.392201e-001
5.083653e+003,1.408233e-001
5.087510e+003,1.420571e-001
5.091367e+003,1.425196e-001
5.095224e+003,1.407443e-001
5.099081e+003,1.418805e-001
5.102938e+003,1.442792e-001
5.106795e+003,1.442740e-001
5.110652e+003,1.409013e-001
5.114509e+003,1.395978e-001
5.118367e+003,1.414258e-001
5.122224e+003,1.407375e-001
5.126081e+003,1.408571e-001
5.129938e+003,1.413504e-001
5.133795e+003,1.432984e-001
5.137652e+003,1.440384e-001
5.141509e+003,1.431712e-001
5.145366e+003,1.436704e-001
5.149223e+003,1.461259e-001
5.153081e+003,1.472495e-001
5.156938e+003,1.469197e-001
5.160794e+003,1.473671e-001
5.164652e+003,1.472948e-001
5.168509e+003,1.507158e-001
5.172366e+003,1.535609e-001
5.176223e+003,1.519183e-001
5.180080e+003,1.504241e-001
5.183937e+003,1.474646e-001
5.187794e+003,1.465219e-001
5.191651e+003,1.492286e-001
5.195508e+003,1.506468e-001
5.199366e+003,1.479498e-001
5.203223e+003,1.467952e-001
5.207080e+003,1.487099e-001
5.210937e+003,1.501424e-001
5.214794e+003,1.525598e-001
5.218651e+003,1.531752e-001
5.222508e+003,1.516341e-001
5.226365e+003,1.491449e-001
5.230222e+003,1.485329e-001
5.234080e+003,1.489346e-001
5.237937e+003,1.485392e-001
5.241793e+003,1.484854e-001
5.245651e+003,1.476624e-001
5.249508e+003,1.486498e-001
5.253365e+003,1.497967e-001
5.257222e+003,1.477434e-001
5.261079e+003,1.461189e-001
5.264936e+003,1.472587e-001
5.268793e+003,1.487739e-001
5.272650e+003,1.505521e-001
5.276507e+003,1.498320e-001
5.280365e+003,1.484433e-001
5.284222e+003,1.471945e-001
5.288079e+003,1.466563e-001
5.291936e+003,1.477144e-001
5.295793e+003,1.465086e-001
5.299650e+003,1.459161e-001
5.303507e+003,1.443166e-001
5.307364e+003,1.433896e-001
5.311221e+003,1.465528e-001
5.315079e+003,1.482988e-001
5.318936e+003,1.490247e-001
5.322792e+003,1.495816e-001
5.326650e+003,1.491469e-001
5.330507e+003,1.485547e-001
5.334364e+003,1.486207e-001
5.338221e+003,1.466147e-001
5.342078e+003,1.451367e-001
5.345935e+003,1.469740e-001
5.349792e+003,1.483454e-001
5.353649e+003,1.478160e-001
5.357506e+003,1.488662e-001
5.361364e+003,1.480818e-001
5.365221e+003,1.485383e-001
5.369078e+003,1.521600e-001
5.372935e+003,1.514699e-001
5.376792e+003,1.493335e-001
5.380649e+003,1.491707e-001
5.384506e+003,1.495403e-001
5.388363e+003,1.502382e-001
5.392220e+003,1.504995e-001
5.396078e+003,1.493330e-001
5.399935e+003,1.479202e-001
5.403792e+003,1.471359e-001
5.407649e+003,1.467187e-001
5.411506e+003,1.460980e-001
5.415363e+003,1.452666e-001
5.419220e+003,1.507420e-001
5.423077e+003,1.549072e-001
5.426934e+003,1.543674e-001
5.430792e+003,1.520849e-001
5.434648e+003,1.513736e-001
5.438505e+003,1.530055e-001
5.442363e+003,1.546106e-001
5.446220e+003,1.530500e-001
5.450077e+003,1.509650e-001
5.453934e+003,1.542026e-001
5.457791e+003,1.559628e-001
5.461648e+003,1.532340e-001
5.465505e+003,1.537849e-001
5.469362e+003,1.556760e-001
5.473219e+003,1.542580e-001
5.477077e+003,1.524307e-001
5.480934e+003,1.528327e-001
5.484791e+003,1.504077e-001
5.488648e+003,1.506450e-001
5.492505e+003,1.510830e-001
5.496362e+003,1.491232e-001
5.500219e+003,1.499951e-001
5.504076e+003,1.524458e-001
5.507933e+003,1.532893e-001
5.511791e+003,1.557734e-001
5.515647e+003,1.561511e-001
5.519504e+003,1.561053e-001
5.523362e+003,1.596083e-001
5.527219e+003,1.607384e-001
5.531076e+003,1.577576e-001
5.534933e+003,1.552782e-001
5.538790e+003,1.558407e-001
5.542647e+003,1.571786e-001
5.546504e+003,1.579470e-001
5.550361e+003,1.555608e-001
5.554218e+003,1.546305e-001
5.558076e+003,1.562732e-001
5.561933e+003,1.561589e-001
5.565790e+003,1.577868e-001
5.569647e+003,1.594951e-001
5.573504e+003,1.585689e-001
5.577361e+003,1.604600e-001
5.581218e+003,1.606524e-001
5.585075e+003,1.584332e-001
5.588932e+003,1.557639e-001
5.592790e+003,1.564346e-001
5.596646e+003,1.597588e-001
5.600503e+003,1.584849e-001
5.604361e+003,1.583737e-001
5.608218e+003,1.612861e-001
5.612075e+003,1.603295e-001
5.615932e+003,1.590102e-001
5.619789e+003,1.597016e-001
5.623646e+003,1.594221e-001
5.627503e+003,1.600788e-001
5.631360e+003,1.609962e-001
5.635217e+003,1.604936e-001
5.639075e+003,1.616798e-001
5.642932e+003,1.596252e-001
5.646789e+003,1.547920e-001
5.650646e+003,1.578717e-001
5.654503e+003,1.643799e-001
5.658360e+003,1.652472e-001
5.662217e+003,1.641780e-001
5.666074e+003,1.617223e-001
5.669931e+003,1.618395e-001
5.673789e+003,1.630023e-001
5.677646e+003,1.648611e-001
5.681502e+003,1.661032e-001
5.685360e+003,1.653394e-001
5.689217e+003,1.649271e-001
5.693074e+003,1.639260e-001
5.696931e+003,1.632707e-001
5.700788e+003,1.621431e-001
5.704645e+003,1.620277e-001
5.708502e+003,1.604125e-001
5.712359e+003,1.583217e-001
5.716216e+003,1.591018e-001
5.720074e+003,1.613812e-001
5.723931e+003,1.616042e-001
5.727788e+003,1.616731e-001
5.731645e+003,1.617768e-001
5.735502e+003,1.625548e-001
5.739359e+003,1.640650e-001
5.743216e+003,1.640670e-001
5.747073e+003,1.616090e-001
5.750930e+003,1.619900e-001
5.754788e+003,1.642174e-001
5.758645e+003,1.659357e-001
5.762501e+003,1.639399e-001
5.766359e+003,1.597200e-001
5.770216e+003,1.600863e-001
5.774073e+003,1.630140e-001
5.777930e+003,1.657663e-001
5.781787e+003,1.622159e-001
5.785644e+003,1.593645e-001
5.789501e+003,1.635174e-001
5.793358e+003,1.657962e-001
5.797215e+003,1.624973e-001
5.801073e+003,1.622557e-001
5.804930e+003,1.635937e-001
5.808787e+003,1.648091e-001
5.812644e+003,1.668278e-001
5.816501e+003,1.692205e-001
5.820358e+003,1.676363e-001
5.824215e+003,1.636355e-001
5.828072e+003,1.634084e-001
5.831929e+003,1.660917e-001
5.835787e+003,1.665602e-001
5.839644e+003,1.655924e-001
5.843500e+003,1.650315e-001
5.847358e+003,1.614924e-001
5.851215e+003,1.611059e-001
5.855072e+003,1.613365e-001
5.858929e+003,1.586070e-001
5.862786e+003,1.574079e-001
5.866643e+003,1.596675e-001
5.870500e+003,1.623434e-001
5.874357e+003,1.618132e-001
5.878214e+003,1.615951e-001
5.882072e+003,1.645093e-001
5.885929e+003,1.675576e-001
5.889786e+003,1.680746e-001
5.893643e+003,1.654610e-001
5.897500e+003,1.651069e-001
5.901357e+003,1.657206e-001
5.905214e+003,1.670570e-001
5.909071e+003,1.695042e-001
5.912928e+003,1.699165e-001
5.916786e+003,1.670888e-001
5.920643e+003,1.650206e-001
5.924500e+003,1.663385e-001
5.928357e+003,1.644997e-001
5.932214e+003,1.627034e-001
5.936071e+003,1.634223e-001
5.939928e+003,1.619808e-001
5.943785e+003,1.614586e-001
5.947642e+003,1.640788e-001
5.951499e+003,1.669850e-001
5.955356e+003,1.669016e-001
5.959213e+003,1.679766e-001
5.963070e+003,1.723180e-001
5.966928e+003,1.713402e-001
5.970785e+003,1.685563e-001
5.974642e+003,1.680676e-001
5.978499e+003,1.682443e-001
5.982356e+003,1.705731e-001
5.986213e+003,1.711239e-001
5.990070e+003,1.675069e-001
5.993927e+003,1.670264e-001
5.997784e+003,1.675783e-001
6.001642e+003,1.661683e-001
6.005499e+003,1.659220e-001
6.009355e+003,1.672944e-001
6.013213e+003,1.683997e-001
6.017070e+003,1.697532e-001
6.020927e+003,1.677726e-001
6.024784e+003,1.681969e-001
6.028641e+003,1.693583e-001
6.032498e+003,1.665096e-001
6.036355e+003,1.654276e-001
6.040212e+003,1.660045e-001
6.044069e+003,1.641501e-001
6.047927e+003,1.646686e-001
6.051784e+003,1.677744e-001
6.055641e+003,1.690634e-001
6.059498e+003,1.681346e-001
6.063355e+003,1.657644e-001
6.067212e+003,1.660159e-001
6.071069e+003,1.667911e-001
6.074926e+003,1.693758e-001
6.078783e+003,1.690946e-001
6.082641e+003,1.652461e-001
6.086498e+003,1.657686e-001
6.090354e+003,1.691074e-001
6.094212e+003,1.686718e-001
6.098069e+003,1.651893e-001
6.101926e+003,1.642154e-001
6.105783e+003,1.653870e-001
6.109640e+003,1.667836e-001
6.113497e+003,1.686521e-001
6.117354e+003,1.686369e-001
6.121211e+003,1.704714e-001
6.125068e+003,1.720854e-001
6.128926e+003,1.711178e-001
6.132783e+003,1.660117e-001
6.136640e+003,1.654207e-001
6.140497e+003,1.667850e-001
6.144354e+003,1.663427e-001
6.148211e+003,1.674172e-001
6.152068e+003,1.672376e-001
6.155925e+003,1.672804e-001
6.159782e+003,1.637720e-001
6.163640e+003,1.667386e-001
6.167497e+003,1.668983e-001
6.171354e+003,1.638541e-001
6.175211e+003,1.663440e-001
6.179068e+003,1.683497e-001
6.182925e+003,1.646614e-001
6.186782e+003,1.633945e-001
6.190639e+003,1.663545e-001
6.194496e+003,1.677225e-001
6.198354e+003,1.704526e-001
6.202210e+003,1.704625e-001
6.206067e+003,1.710556e-001
6.209925e+003,1.721824e-001
6.213782e+003,1.734732e-001
6.217639e+003,1.730006e-001
6.221496e+003,1.703902e-001
6.225353e+003,1.675044e-001
6.229210e+003,1.643558e-001
6.233067e+003,1.650926e-001
6.236924e+003,1.654427e-001
6.240781e+003,1.688098e-001
6.244639e+003,1.691668e-001
6.248496e+003,1.622935e-001
6.252353e+003,1.579928e-001
6.256210e+003,1.607874e-001
6.260067e+003,1.661069e-001
6.263924e+003,1.671728e-001
6.267781e+003,1.658120e-001
6.271638e+003,1.679160e-001
6.275495e+003,1.736000e-001
6.279353e+003,1.796276e-001
6.283209e+003,1.761337e-001
6.287066e+003,1.749173e-001
6.290924e+003,1.719331e-001
6.294781e+003,1.673490e-001
6.298638e+003,1.666950e-001
6.302495e+003,1.661531e-001
6.306352e+003,1.648000e-001
6.310209e+003,1.674591e-001
6.314066e+003,1.697599e-001
6.317923e+003,1.660483e-001
6.321780e+003,1.696544e-001
6.325638e+003,1.725573e-001
6.329495e+003,1.716897e-001
6.333352e+003,1.683235e-001
6.337209e+003,1.666688e-001
6.341066e+003,1.647683e-001
6.344923e+003,1.636905e-001
6.348780e+003,1.652713e-001
6.352637e+003,1.642641e-001
6.356494e+003,1.637066e-001
6.360352e+003,1.702939e-001
6.364208e+003,1.704339e-001
6.368065e+003,1.687198e-001
6.371923e+003,1.661248e-001
6.375780e+003,1.651882e-001
6.379637e+003,1.622618e-001
6.383494e+003,1.622459e-001
6.387351e+003,1.636625e-001
6.391208e+003,1.658250e-001
6.395065e+003,1.707480e-001
6.398922e+003,1.697348e-001
6.402779e+003,1.666633e-001
6.406637e+003,1.637111e-001
6.410494e+003,1.600485e-001
6.414351e+003,1.627727e-001
6.418208e+003,1.692832e-001
6.422065e+003,1.705355e-001
6.425922e+003,1.650268e-001
6.429779e+003,1.666782e-001
6.433636e+003,1.691478e-001
6.437493e+003,1.715652e-001
6.441351e+003,1.749491e-001
6.445208e+003,1.683502e-001
6.449064e+003,1.642630e-001
6.452922e+003,1.628853e-001
6.456779e+003,1.604639e-001
6.460636e+003,1.678936e-001
6.464493e+003,1.741691e-001
6.468350e+003,1.705292e-001
6.472207e+003,1.669850e-001
6.476064e+003,1.652660e-001
6.479921e+003,1.622437e-001
6.483778e+003,1.638806e-001
6.487636e+003,1.696509e-001
6.491493e+003,1.747136e-001
6.495350e+003,1.763284e-001
6.499207e+003,1.711220e-001
6.503064e+003,1.679336e-001
6.506921e+003,1.676472e-001
6.510778e+003,1.669190e-001
6.514635e+003,1.659899e-001
6.518492e+003,1.667640e-001
6.522350e+003,1.654889e-001
6.526207e+003,1.685786e-001
6.530063e+003,1.707099e-001
6.533921e+003,1.649651e-001
6.537778e+003,1.569624e-001
6.541635e+003,1.589161e-001
6.545492e+003,1.656234e-001
6.549349e+003,1.660327e-001
6.553206e+003,1.611182e-001
6.557063e+003,1.646734e-001
6.560920e+003,1.592037e-001
6.564777e+003,1.558623e-001
6.568635e+003,1.635091e-001
6.572492e+003,1.691654e-001
6.576349e+003,1.735566e-001
6.580206e+003,1.730357e-001
6.584063e+003,1.701288e-001
6.587920e+003,1.767493e-001
6.591777e+003,1.862140e-001
6.595634e+003,1.822337e-001
6.599491e+003,1.753797e-001
6.603349e+003,1.721715e-001
6.607206e+003,1.723126e-001
6.611063e+003,1.725315e-001
6.614920e+003,1.708261e-001
6.618777e+003,1.687783e-001
6.622634e+003,1.642527e-001
6.626491e+003,1.684441e-001
6.630348e+003,1.697719e-001
6.634205e+003,1.662075e-001
6.638063e+003,1.681311e-001
6.641919e+003,1.711617e-001
6.645776e+003,1.714046e-001
6.649634e+003,1.738662e-001
6.653491e+003,1.743620e-001
6.657348e+003,1.724202e-001
6.661205e+003,1.678306e-001
6.665062e+003,1.655903e-001
6.668919e+003,1.696260e-001
6.672776e+003,1.745144e-001
6.676633e+003,1.749118e-001
6.680490e+003,1.713229e-001
6.684348e+003,1.704191e-001
6.688205e+003,1.681332e-001
6.692062e+003,1.656062e-001
6.695919e+003,1.688762e-001
6.699776e+003,1.668910e-001
6.703633e+003,1.651146e-001
6.707490e+003,1.676961e-001
6.711347e+003,1.745455e-001
6.715204e+003,1.755618e-001
6.719062e+003,1.769911e-001
6.722918e+003,1.704832e-001
6.726775e+003,1.691874e-001
6.730633e+003,1.732615e-001
6.734490e+003,1.698328e-001
6.738347e+003,1.674413e-001
6.742204e+003,1.726907e-001
6.746061e+003,1.735562e-001
6.749918e+003,1.663822e-001
6.753775e+003,1.607083e-001
6.757632e+003,1.633083e-001
6.761489e+003,1.642290e-001
6.765347e+003,1.652980e-001
6.769204e+003,1.621068e-001
6.773061e+003,1.549066e-001
6.776918e+003,1.597755e-001
6.780775e+003,1.651130e-001
6.784632e+003,1.597687e-001
6.788489e+003,1.589434e-001
6.792346e+003,1.682056e-001
6.796203e+003,1.722727e-001
6.800061e+003,1.668702e-001
6.803917e+003,1.631335e-001
6.807774e+003,1.682977e-001
6.811632e+003,1.698932e-001
6.815489e+003,1.611725e-001
6.819346e+003,1.621128e-001
6.823203e+003,1.634120e-001
6.827060e+003,1.673130e-001
6.830917e+003,1.755520e-001
6.834774e+003,1.732130e-001
6.838631e+003,1.773913e-001
6.842488e+003,1.799543e-001
6.846346e+003,1.753656e-001
6.850203e+003,1.716357e-001
6.854060e+003,1.707976e-001
6.857917e+003,1.600890e-001
6.861774e+003,1.514384e-001
6.865631e+003,1.620476e-001
6.869488e+003,1.729618e-001
6.873345e+003,1.644773e-001
6.877202e+003,1.624503e-001
6.881060e+003,1.668400e-001
6.884917e+003,1.699362e-001
6.888773e+003,1.709463e-001
6.892631e+003,1.664851e-001
6.896488e+003,1.640186e-001
6.900345e+003,1.612415e-001
6.904202e+003,1.619892e-001
6.908059e+003,1.721257e-001
6.911916e+003,1.751281e-001
6.915773e+003,1.721568e-001
6.919630e+003,1.691175e-001
6.923487e+003,1.698684e-001
6.927345e+003,1.678876e-001
6.931202e+003,1.682721e-001
6.935059e+003,1.750396e-001
6.938916e+003,1.751104e-001
6.942773e+003,1.762996e-001
6.946630e+003,1.771599e-001
6.950487e+003,1.759163e-001
6.954344e+003,1.749185e-001
6.958201e+003,1.728786e-001
6.962059e+003,1.682663e-001
6.965916e+003,1.737627e-001
6.969772e+003,1.842729e-001
6.973630e+003,1.861647e-001
6.977487e+003,1.771262e-001
6.981344e+003,1.702551e-001
6.985201e+003,1.739970e-001
6.989058e+003,1.742147e-001
6.992915e+003,1.749999e-001
6.996772e+003,1.753041e-001
7.000629e+003,1.783472e-001
7.004486e+003,1.789027e-001
7.008344e+003,1.707045e-001
7.012201e+003,1.589863e-001
7.016058e+003,1.582102e-001
7.019915e+003,1.640118e-001
7.023772e+003,1.617204e-001
7.027629e+003,1.657544e-001
7.031486e+003,1.760655e-001
7.035343e+003,1.783864e-001
7.039200e+003,1.694795e-001
7.043058e+003,1.686691e-001
7.046915e+003,1.704599e-001
7.050771e+003,1.639977e-001
7.054629e+003,1.690804e-001
7.058486e+003,1.669524e-001
7.062343e+003,1.620289e-001
7.066200e+003,1.651104e-001
7.070057e+003,1.669410e-001
7.073914e+003,1.675392e-001
7.077771e+003,1.636925e-001
7.081628e+003,1.704520e-001
7.085485e+003,1.751897e-001
7.089343e+003,1.671423e-001
7.093200e+003,1.663609e-001
7.097057e+003,1.782488e-001
7.100914e+003,1.778780e-001
7.104771e+003,1.620803e-001
7.108628e+003,1.560193e-001
7.112485e+003,1.576468e-001
7.116342e+003,1.674514e-001
7.120199e+003,1.744677e-001
7.124057e+003,1.747668e-001
7.127914e+003,1.718568e-001
7.131771e+003,1.653820e-001
7.135628e+003,1.581255e-001
7.139485e+003,1.661949e-001
7.143342e+003,1.613670e-001
7.147199e+003,1.569750e-001
7.151056e+003,1.616548e-001
7.154913e+003,1.606905e-001
7.158771e+003,1.588687e-001
7.162627e+003,1.548157e-001
7.166484e+003,1.645336e-001
7.170342e+003,1.665583e-001
7.174199e+003,1.636902e-001
7.178056e+003,1.600784e-001
7.181913e+003,1.627233e-001
7.185770e+003,1.680583e-001
7.189627e+003,1.636161e-001
7.193484e+003,1.611577e-001
7.197341e+003,1.755857e-001
7.201198e+003,1.814005e-001
7.205056e+003,1.744984e-001
7.208913e+003,1.736173e-001
7.212770e+003,1.697332e-001
7.216627e+003,1.636904e-001
7.220484e+003,1.515636e-001
7.224341e+003,1.495207e-001
7.228198e+003,1.551818e-001
7.232055e+003,1.640542e-001
7.235912e+003,1.716579e-001
7.239770e+003,1.720224e-001
7.243626e+003,1.664765e-001
7.247483e+003,1.679661e-001
7.251341e+003,1.682110e-001
7.255198e+003,1.634619e-001
7.259055e+003,1.655122e-001
7.262912e+003,1.667385e-001
7.266769e+003,1.618815e-001
7.270626e+003,1.661774e-001
7.274483e+003,1.631622e-001
7.278340e+003,1.628875e-001
7.282197e+003,1.777869e-001
7.286055e+003,1.808237e-001
7.289912e+003,1.602441e-001
7.293769e+003,1.532404e-001
7.297626e+003,1.561571e-001
7.301483e+003,1.597215e-001
7.305340e+003,1.635352e-001
7.309197e+003,1.648857e-001
7.313054e+003,1.620458e-001
7.316911e+003,1.612685e-001
7.320769e+003,1.639771e-001
7.324625e+003,1.762717e-001
7.328482e+003,1.675173e-001
7.332340e+003,1.503615e-001
7.336197e+003,1.528092e-001
7.340054e+003,1.589767e-001
7.343911e+003,1.657747e-001
7.347768e+003,1.779853e-001
7.351625e+003,1.649565e-001
7.355482e+003,1.713690e-001
7.359339e+003,1.832486e-001
7.363196e+003,1.799008e-001
7.367054e+003,1.680906e-001
7.370911e+003,1.504208e-001
7.374768e+003,1.503136e-001
7.378625e+003,1.549629e-001
7.382482e+003,1.639045e-001
7.386339e+003,1.686762e-001
7.390196e+003,1.560057e-001
7.394053e+003,1.584020e-001
7.397910e+003,1.573291e-001
7.401768e+003,1.642221e-001
7.405625e+003,1.678445e-001
7.409481e+003,1.654309e-001
7.413339e+003,1.648770e-001
7.417196e+003,1.580995e-001
7.421053e+003,1.533041e-001
7.424910e+003,1.573509e-001
7.428767e+003,1.574889e-001
7.432624e+003,1.464821e-001
7.436481e+003,1.429440e-001
7.440338e+003,1.452488e-001
7.444195e+003,1.515340e-001
7.448053e+003,1.584414e-001
7.451910e+003,1.532849e-001
7.455767e+003,1.508784e-001
7.459624e+003,1.592450e-001
7.463481e+003,1.611849e-001
7.467338e+003,1.531212e-001
7.471195e+003,1.554947e-001
7.475052e+003,1.535619e-001
7.478909e+003,1.562808e-001
7.482767e+003,1.567401e-001
7.486624e+003,1.479174e-001
7.490480e+003,1.498962e-001
7.494338e+003,1.651414e-001
7.498195e+003,1.655907e-001
7.502052e+003,1.431369e-001
7.505909e+003,1.528471e-001
7.509766e+003,1.771912e-001
7.513623e+003,1.645139e-001
7.517480e+003,1.516131e-001
7.521337e+003,1.541604e-001
7.525194e+003,1.471615e-001
7.529051e+003,1.401977e-001
7.532909e+003,1.548978e-001
7.536766e+003,1.601198e-001
7.540623e+003,1.658605e-001
7.544480e+003,1.651006e-001
7.548337e+003,1.581934e-001
7.552194e+003,1.694024e-001
7.556051e+003,1.721875e-001
7.559908e+003,1.647441e-001
7.563765e+003,1.496812e-001
7.567623e+003,1.468641e-001
7.571479e+003,1.600492e-001
7.575336e+003,1.675593e-001
7.579194e+003,1.708692e-001
7.583051e+003,1.758431e-001
7.586908e+003,1.766834e-001
7.590765e+003,1.638067e-001
7.594622e+003,1.591895e-001
7.598479e+003,1.551854e-001
7.602336e+003,1.496103e-001
7.606193e+003,1.693895e-001
7.610050e+003,1.730339e-001
7.613908e+003,1.528367e-001
7.617765e+003,1.459914e-001
7.621622e+003,1.671665e-001
7.625479e+003,1.756778e-001
7.629336e+003,1.731091e-001
7.633193e+003,1.699711e-001
7.637050e+003,1.935830e-001
7.640907e+003,1.935561e-001
7.644764e+003,1.796072e-001
7.648622e+003,1.661179e-001
7.652479e+003,1.451078e-001
7.656335e+003,1.543909e-001
7.660193e+003,1.776030e-001
7.664050e+003,1.657060e-001
7.667907e+003,1.510790e-001
7.671764e+003,1.442450e-001
7.675621e+003,1.516486e-001
7.679478e+003,1.676259e-001
7.683335e+003,1.684435e-001
7.687192e+003,1.785493e-001
7.691049e+003,1.829939e-001
7.694907e+003,1.812104e-001
7.698764e+003,1.671429e-001
7.702621e+003,1.476146e-001
7.706478e+003,1.410622e-001
7.710335e+003,1.456595e-001
7.714192e+003,1.594623e-001
7.718049e+003,1.512709e-001
7.721906e+003,1.414767e-001
7.725763e+003,1.624316e-001
7.729621e+003,1.744717e-001
7.733478e+003,1.712851e-001
7.737334e+003,1.763674e-001
7.741192e+003,1.629447e-001
7.745049e+003,1.502441e-001
7.748906e+003,1.643377e-001
7.752763e+003,1.718937e-001
7.756620e+003,1.514727e-001
7.760477e+003,1.329210e-001
7.764334e+003,1.435084e-001
7.768191e+003,1.580283e-001
7.772048e+003,1.580693e-001
7.775906e+003,1.412795e-001
7.779763e+003,1.465382e-001
7.783620e+003,1.650394e-001
7.787477e+003,1.747257e-001
7.791334e+003,1.694523e-001
7.795191e+003,1.461601e-001
7.799048e+003,1.534418e-001
7.802905e+003,1.608202e-001
7.806762e+003,1.542041e-001
7.810620e+003,1.500120e-001
7.814477e+003,1.595882e-001
7.818333e+003,1.446519e-001
7.822191e+003,1.117133e-001
7.826048e+003,1.176855e-001
7.829905e+003,1.578506e-001
7.833762e+003,1.757318e-001
7.837619e+003,1.928987e-001
7.841476e+003,1.748423e-001
7.845333e+003,1.380072e-001
7.849190e+003,1.541899e-001
7.853047e+003,1.749346e-001
7.856905e+003,1.713668e-001
7.860762e+003,1.691810e-001
7.864619e+003,1.602295e-001
7.868476e+003,1.378349e-001
7.872333e+003,1.529362e-001
7.876190e+003,1.875296e-001
7.880047e+003,1.674314e-001
7.883904e+003,1.423648e-001
7.887761e+003,1.550483e-001
7.891619e+003,1.407743e-001
7.895476e+003,1.334944e-001
7.899333e+003,1.605828e-001
7.903190e+003,1.450105e-001
7.907047e+003,1.365237e-001
7.910904e+003,1.423217e-001
7.914761e+003,1.481808e-001
7.918618e+003,1.365389e-001
7.922475e+003,1.354244e-001
7.926333e+003,1.370202e-001
7.930189e+003,1.531119e-001
7.934046e+003,1.676445e-001
7.937904e+003,1.536755e-001
7.941761e+003,1.629408e-001
7.945618e+003,1.700489e-001
7.949475e+003,1.638974e-001
7.953332e+003,1.716092e-001
7.957189e+003,1.959214e-001
7.961046e+003,1.892774e-001
7.964903e+003,1.652869e-001
7.968760e+003,1.508152e-001
7.972618e+003,1.621422e-001
7.976475e+003,2.026743e-001
7.980332e+003,2.069437e-001
7.984189e+003,1.455422e-001
7.988046e+003,1.367026e-001
7.991903e+003,1.288267e-001
7.995760e+003,1.557026e-001
7.999617e+003,2.245533e-001
