4.011380e+002,5.047009e-001
4.049951e+002,6.427447e-001
4.088522e+002,6.227518e-001
4.127093e+002,5.226883e-001
4.165664e+002,5.622889e-001
4.204235e+002,7.163606e-001
4.242806e+002,1.006726e+000
4.281377e+002,1.299815e+000
4.319948e+002,6.000000e+000
4.358519e+002,6.000000e+000
4.397090e+002,1.455469e+000
4.435660e+002,9.893522e-001
4.474232e+002,8.482333e-001
4.512802e+002,6.962733e-001
4.551373e+002,6.388336e-001
4.589944e+002,8.791248e-001
4.628515e+002,1.040153e+000
4.667086e+002,7.090080e-001
4.705657e+002,4.938837e-001
4.744228e+002,7.227690e-001
4.782799e+002,1.304214e+000
4.821370e+002,1.282323e+000
4.859941e+002,6.000000e+000
4.898512e+002,1.046334e+000
4.937083e+002,8.016714e-001
4.975654e+002,7.130263e-001
5.014225e+002,8.761683e-001
5.052796e+002,9.576923e-001
5.091367e+002,6.805935e-001
5.129938e+002,6.736841e-001
5.168509e+002,7.603703e-001
5.207080e+002,1.265746e+000
5.245651e+002,6.000000e+000
5.284222e+002,6.000000e+000
5.322793e+002,1.208348e+000
5.361364e+002,8.316852e-001
5.399935e+002,7.952414e-001
5.438506e+002,7.782329e-001
5.477076e+002,9.742737e-001
5.515648e+002,1.414483e+000
5.554219e+002,8.191670e-001
5.592789e+002,4.924031e-001
5.631360e+002,4.817989e-001
5.669932e+002,5.361034e-001
5.708502e+002,7.739261e-001
5.747073e+002,9.115016e-001
5.785644e+002,1.292889e+000
5.824215e+002,1.049683e+000
5.862786e+002,7.730225e-001
5.901357e+002,7.378352e-001
5.939928e+002,9.377533e-001
5.978499e+002,1.135168e+000
6.017070e+002,1.399784e+000
6.055641e+002,1.949451e+000
6.094212e+002,1.103700e+000
6.132783e+002,8.287389e-001
6.171354e+002,1.005449e+000
6.209925e+002,6.000000e+000
6.248495e+002,6.000000e+000
6.287067e+002,8.420632e-001
6.325637e+002,6.506118e-001
6.364208e+002,9.965419e-001
6.402780e+002,6.000000e+000
6.441350e+002,6.000000e+000
6.479921e+002,6.000000e+000
6.518492e+002,6.000000e+000
6.557063e+002,1.412604e+000
6.595634e+002,2.151288e+000
6.634205e+002,1.615661e+000
6.672776e+002,6.000000e+000
6.711347e+002,6.000000e+000
6.749918e+002,6.263767e-001
6.788489e+002,7.402251e-001
6.827060e+002,4.769452e-001
6.865631e+002,4.388667e-001
6.904202e+002,4.156123e-001
6.942773e+002,2.759538e-001
6.981344e+002,2.230281e-001
7.019915e+002,1.543981e-001
7.058486e+002,-2.621031e-001
7.097057e+002,-1.961093e-001
7.135627e+002,3.261825e-002
7.174199e+002,-6.497013e-001
7.212770e+002,-1.324805e+000
7.251340e+002,-8.246013e-002
7.289911e+002,-6.273033e-002
7.328483e+002,-6.495491e-002
7.367053e+002,-1.358390e-001
7.405624e+002,-5.838591e-001
7.444196e+002,-3.047936e-001
7.482766e+002,-1.678480e-001
7.521337e+002,-4.338220e-001
7.559908e+002,-9.212937e-001
7.598479e+002,6.000000e+000
7.637050e+002,5.260010e-001
7.675621e+002,-3.452223e-001
7.714192e+002,-3.525322e-001
7.752763e+002,6.000000e+000
7.791334e+002,6.000000e+000
7.829905e+002,6.000000e+000
7.868476e+002,-9.572013e-001
7.907047e+002,-9.977765e-002
7.945618e+002,2.015764e-001
7.984189e+002,4.975421e-001
8.022760e+002,9.205399e-001
8.061331e+002,1.548643e+000
8.099902e+002,1.079229e+000
8.138473e+002,9.521472e-001
8.177043e+002,9.590911e-001
8.215615e+002,1.064799e+000
8.254186e+002,1.275049e+000
8.292756e+002,1.584301e+000
8.331328e+002,1.630358e+000
8.369899e+002,1.613305e+000
8.408469e+002,1.527121e+000
8.447040e+002,1.672918e+000
8.485612e+002,1.573877e+000
8.524182e+002,1.890017e+000
8.562753e+002,6.000000e+000
8.601324e+002,2.379267e+000
8.639895e+002,1.907868e+000
8.678466e+002,2.145211e+000
8.717037e+002,2.049987e+000
8.755608e+002,1.864236e+000
8.794179e+002,1.824261e+000
8.832750e+002,1.914660e+000
8.871321e+002,2.110186e+000
8.909892e+002,2.467470e+000
8.948463e+002,2.540222e+000
8.987034e+002,2.175671e+000
9.025605e+002,2.298870e+000
9.064176e+002,2.670071e+000
9.102747e+002,3.018607e+000
9.141318e+002,3.082765e+000
9.179888e+002,2.343523e+000
9.218459e+002,2.181190e+000
9.257031e+002,2.326982e+000
9.295601e+002,2.398880e+000
9.334172e+002,2.450177e+000
9.372744e+002,2.431803e+000
9.411314e+002,2.386758e+000
9.449885e+002,2.415156e+000
9.488456e+002,2.370056e+000
9.527027e+002,2.329470e+000
9.565598e+002,2.324384e+000
9.604169e+002,2.291353e+000
9.642740e+002,2.215222e+000
9.681311e+002,2.207591e+000
9.719882e+002,2.315829e+000
9.758453e+002,2.274173e+000
9.797024e+002,2.283775e+000
9.835595e+002,2.500299e+000
9.874166e+002,2.418161e+000
9.912737e+002,2.388412e+000
9.951308e+002,2.451762e+000
9.989879e+002,2.441087e+000
1.002845e+003,2.356402e+000
1.006702e+003,2.231611e+000
1.010559e+003,2.171750e+000
1.014416e+003,2.174873e+000
1.018273e+003,2.146122e+000
1.022130e+003,2.109845e+000
1.025988e+003,2.091344e+000
1.029845e+003,2.076478e+000
1.033702e+003,2.051188e+000
1.037559e+003,2.026145e+000
1.041416e+003,2.047498e+000
1.045273e+003,2.092610e+000
1.049130e+003,2.090081e+000
1.052987e+003,2.043624e+000
1.056844e+003,2.027517e+000
1.060701e+003,1.995031e+000
1.064559e+003,1.981930e+000
1.068416e+003,1.953363e+000
1.072273e+003,1.926154e+000
1.076130e+003,1.933397e+000
1.079987e+003,1.932087e+000
1.083844e+003,1.951884e+000
1.087701e+003,1.929127e+000
1.091558e+003,1.891338e+000
1.095415e+003,1.878486e+000
1.099272e+003,1.855223e+000
1.103129e+003,1.850789e+000
1.106987e+003,1.858538e+000
1.110844e+003,1.832440e+000
1.114701e+003,1.829780e+000
1.118558e+003,1.842187e+000
1.122415e+003,1.824218e+000
1.126272e+003,1.816582e+000
1.130129e+003,1.807127e+000
1.133986e+003,1.804940e+000
1.137843e+003,1.800518e+000
1.141700e+003,1.802680e+000
1.145557e+003,1.804319e+000
1.149415e+003,1.788732e+000
1.153272e+003,1.787231e+000
1.157129e+003,1.789486e+000
1.160986e+003,1.773530e+000
1.164843e+003,1.758473e+000
1.168700e+003,1.764210e+000
1.172557e+003,1.761019e+000
1.176414e+003,1.745951e+000
1.180271e+003,1.736206e+000
1.184128e+003,1.728951e+000
1.187986e+003,1.728620e+000
1.191843e+003,1.732469e+000
1.195700e+003,1.733078e+000
1.199557e+003,1.716885e+000
1.203414e+003,1.702135e+000
1.207271e+003,1.684901e+000
1.211128e+003,1.652433e+000
1.214985e+003,1.593575e+000
1.218842e+003,1.506048e+000
1.222699e+003,1.401475e+000
1.226557e+003,1.294023e+000
1.230414e+003,1.193018e+000
1.234271e+003,1.101028e+000
1.238128e+003,1.019513e+000
1.241985e+003,9.472735e-001
1.245842e+003,8.831790e-001
1.249699e+003,8.277062e-001
1.253556e+003,7.787133e-001
1.257413e+003,7.360865e-001
1.261270e+003,6.981874e-001
1.265127e+003,6.637136e-001
1.268985e+003,6.329308e-001
1.272842e+003,6.055394e-001
1.276699e+003,5.812637e-001
1.280556e+003,5.588841e-001
1.284413e+003,5.381564e-001
1.288270e+003,5.194005e-001
1.292127e+003,5.025578e-001
1.295984e+003,4.874661e-001
1.299841e+003,4.741957e-001
1.303698e+003,4.612997e-001
1.307556e+003,4.490492e-001
1.311413e+003,4.384907e-001
1.315270e+003,4.289000e-001
1.319127e+003,4.201889e-001
1.322984e+003,4.117874e-001
1.326841e+003,4.029867e-001
1.330698e+003,3.946761e-001
1.334555e+003,3.878003e-001
1.338412e+003,3.815074e-001
1.342269e+003,3.753507e-001
1.346126e+003,3.699025e-001
1.349984e+003,3.648290e-001
1.353841e+003,3.603478e-001
1.357698e+003,3.561846e-001
1.361555e+003,3.524725e-001
1.365412e+003,3.491681e-001
1.369269e+003,3.461741e-001
1.373126e+003,3.434057e-001
1.376983e+003,3.408960e-001
1.380840e+003,3.392530e-001
1.384698e+003,3.379020e-001
1.388555e+003,3.368117e-001
1.392412e+003,3.358620e-001
1.396269e+003,3.351073e-001
1.400126e+003,3.351811e-001
1.403983e+003,3.353878e-001
1.407840e+003,3.355213e-001
1.411697e+003,3.355884e-001
1.415554e+003,3.354414e-001
1.419411e+003,3.352712e-001
1.423268e+003,3.348917e-001
1.427125e+003,3.341886e-001
1.430983e+003,3.337132e-001
1.434840e+003,3.336543e-001
1.438697e+003,3.326974e-001
1.442554e+003,3.309668e-001
1.446411e+003,3.292286e-001
1.450268e+003,3.273811e-001
1.454125e+003,3.258185e-001
1.457982e+003,3.242341e-001
1.461839e+003,3.222798e-001
1.465697e+003,3.204754e-001
1.469553e+003,3.190234e-001
1.473411e+003,3.185044e-001
1.477268e+003,3.190126e-001
1.481125e+003,3.196997e-001
1.484982e+003,3.207221e-001
1.488839e+003,3.227609e-001
1.492696e+003,3.249604e-001
1.496553e+003,3.266950e-001
1.500410e+003,3.283146e-001
1.504267e+003,3.299603e-001
1.508125e+003,3.307866e-001
1.511982e+003,3.311326e-001
1.515839e+003,3.314691e-001
1.519696e+003,3.314702e-001
1.523553e+003,3.312598e-001
1.527410e+003,3.307926e-001
1.531267e+003,3.298632e-001
1.535124e+003,3.292796e-001
1.538981e+003,3.288979e-001
1.542838e+003,3.286625e-001
1.546696e+003,3.284999e-001
1.550552e+003,3.282355e-001
1.554410e+003,3.285157e-001
1.558267e+003,3.290638e-001
1.562124e+003,3.296051e-001
1.565981e+003,3.301932e-001
1.569838e+003,3.315131e-001
1.573695e+003,3.334484e-001
1.577552e+003,3.358721e-001
1.581409e+003,3.394140e-001
1.585266e+003,3.446518e-001
1.589124e+003,3.509138e-001
1.592981e+003,3.595335e-001
1.596838e+003,3.704814e-001
1.600695e+003,3.841651e-001
1.604552e+003,4.013257e-001
1.608409e+003,4.217020e-001
1.612266e+003,4.449314e-001
1.616123e+003,4.702906e-001
1.619980e+003,4.956982e-001
1.623837e+003,5.199619e-001
1.627695e+003,5.403168e-001
1.631552e+003,5.549663e-001
1.635409e+003,5.631713e-001
1.639266e+003,5.634820e-001
1.643123e+003,5.573824e-001
1.646980e+003,5.464706e-001
1.650837e+003,5.307975e-001
1.654694e+003,5.111815e-001
1.658551e+003,4.902535e-001
1.662408e+003,4.688106e-001
1.666265e+003,4.470290e-001
1.670123e+003,4.261594e-001
1.673980e+003,4.067438e-001
1.677837e+003,3.891195e-001
1.681694e+003,3.735548e-001
1.685551e+003,3.596729e-001
1.689408e+003,3.477024e-001
1.693265e+003,3.372820e-001
1.697122e+003,3.277976e-001
1.700979e+003,3.193830e-001
1.704836e+003,3.118647e-001
1.708694e+003,3.053101e-001
1.712551e+003,2.997434e-001
1.716408e+003,2.951119e-001
1.720265e+003,2.907932e-001
1.724122e+003,2.872728e-001
1.727979e+003,2.850326e-001
1.731836e+003,2.833785e-001
1.735693e+003,2.822314e-001
1.739550e+003,2.812783e-001
1.743407e+003,2.806764e-001
1.747264e+003,2.800472e-001
1.751122e+003,2.790405e-001
1.754979e+003,2.781061e-001
1.758836e+003,2.772557e-001
1.762693e+003,2.760221e-001
1.766550e+003,2.743878e-001
1.770407e+003,2.726956e-001
1.774264e+003,2.711571e-001
1.778121e+003,2.691041e-001
1.781978e+003,2.671279e-001
1.785835e+003,2.657152e-001
1.789693e+003,2.649702e-001
1.793550e+003,2.644668e-001
1.797407e+003,2.639711e-001
1.801264e+003,2.639713e-001
1.805121e+003,2.641571e-001
1.808978e+003,2.646695e-001
1.812835e+003,2.652493e-001
1.816692e+003,2.653913e-001
1.820549e+003,2.650213e-001
1.824406e+003,2.643351e-001
1.828263e+003,2.632541e-001
1.832121e+003,2.616214e-001
1.835978e+003,2.597490e-001
1.839835e+003,2.580183e-001
1.843692e+003,2.560554e-001
1.847549e+003,2.540251e-001
1.851406e+003,2.521693e-001
1.855263e+003,2.508950e-001
1.859120e+003,2.499380e-001
1.862977e+003,2.494486e-001
1.866834e+003,2.493003e-001
1.870692e+003,2.494639e-001
1.874549e+003,2.499208e-001
1.878406e+003,2.505801e-001
1.882263e+003,2.511071e-001
1.886120e+003,2.509133e-001
1.889977e+003,2.502562e-001
1.893834e+003,2.491600e-001
1.897691e+003,2.477656e-001
1.901548e+003,2.458341e-001
1.905406e+003,2.434920e-001
1.909262e+003,2.410924e-001
1.913120e+003,2.386521e-001
1.916977e+003,2.361969e-001
1.920834e+003,2.341165e-001
1.924691e+003,2.322677e-001
1.928548e+003,2.309649e-001
1.932405e+003,2.306447e-001
1.936262e+003,2.309068e-001
1.940119e+003,2.312321e-001
1.943976e+003,2.314830e-001
1.947833e+003,2.317887e-001
1.951691e+003,2.319442e-001
1.955548e+003,2.317661e-001
1.959405e+003,2.311121e-001
1.963262e+003,2.301822e-001
1.967119e+003,2.289448e-001
1.970976e+003,2.270816e-001
1.974833e+003,2.245501e-001
1.978690e+003,2.219257e-001
1.982547e+003,2.195721e-001
1.986405e+003,2.174755e-001
1.990261e+003,2.158650e-001
1.994119e+003,2.149125e-001
1.997976e+003,2.145968e-001
2.001833e+003,2.148617e-001
2.005690e+003,2.153167e-001
2.009547e+003,2.160931e-001
2.013404e+003,2.170721e-001
2.017261e+003,2.181961e-001
2.021118e+003,2.189971e-001
2.024975e+003,2.192492e-001
2.028833e+003,2.190538e-001
2.032690e+003,2.185189e-001
2.036547e+003,2.174100e-001
2.040404e+003,2.157898e-001
2.044261e+003,2.140071e-001
2.048118e+003,2.117712e-001
2.051975e+003,2.095167e-001
2.055832e+003,2.074834e-001
2.059689e+003,2.060516e-001
2.063546e+003,2.055995e-001
2.067404e+003,2.054627e-001
2.071260e+003,2.058198e-001
2.075118e+003,2.066060e-001
2.078975e+003,2.074684e-001
2.082832e+003,2.091772e-001
2.086689e+003,2.109849e-001
2.090546e+003,2.121203e-001
2.094403e+003,2.128783e-001
2.098260e+003,2.133641e-001
2.102117e+003,2.130067e-001
2.105974e+003,2.124261e-001
2.109832e+003,2.110930e-001
2.113689e+003,2.092079e-001
2.117546e+003,2.075617e-001
2.121403e+003,2.057077e-001
2.125260e+003,2.038462e-001
2.129117e+003,2.029108e-001
2.132974e+003,2.023743e-001
2.136831e+003,2.024778e-001
2.140688e+003,2.031881e-001
2.144545e+003,2.041561e-001
2.148403e+003,2.057064e-001
2.152260e+003,2.073721e-001
2.156117e+003,2.087787e-001
2.159974e+003,2.101693e-001
2.163831e+003,2.114308e-001
2.167688e+003,2.119442e-001
2.171545e+003,2.122433e-001
2.175402e+003,2.122076e-001
2.179259e+003,2.114324e-001
2.183116e+003,2.103465e-001
2.186973e+003,2.093077e-001
2.190831e+003,2.080375e-001
2.194688e+003,2.066217e-001
2.198545e+003,2.058309e-001
2.202402e+003,2.054892e-001
2.206259e+003,2.056725e-001
2.210116e+003,2.063646e-001
2.213973e+003,2.072279e-001
2.217830e+003,2.085064e-001
2.221687e+003,2.102987e-001
2.225544e+003,2.120432e-001
2.229401e+003,2.136592e-001
2.233259e+003,2.153151e-001
2.237116e+003,2.164983e-001
2.240973e+003,2.172171e-001
2.244830e+003,2.174512e-001
2.248687e+003,2.173417e-001
2.252544e+003,2.167390e-001
2.256401e+003,2.158619e-001
2.260258e+003,2.145800e-001
2.264115e+003,2.135310e-001
2.267972e+003,2.130935e-001
2.271830e+003,2.127115e-001
2.275687e+003,2.127939e-001
2.279544e+003,2.134619e-001
2.283401e+003,2.140757e-001
2.287258e+003,2.150117e-001
2.291115e+003,2.161727e-001
2.294972e+003,2.173941e-001
2.298829e+003,2.191238e-001
2.302686e+003,2.208091e-001
2.306543e+003,2.215851e-001
2.310400e+003,2.215620e-001
2.314258e+003,2.212048e-001
2.318115e+003,2.211483e-001
2.321972e+003,2.203801e-001
2.325829e+003,2.195389e-001
2.329686e+003,2.184173e-001
2.333543e+003,2.174348e-001
2.337400e+003,2.168296e-001
2.341257e+003,2.157195e-001
2.345114e+003,2.149428e-001
2.348971e+003,2.149130e-001
2.352829e+003,2.144844e-001
2.356686e+003,2.140615e-001
2.360543e+003,2.144329e-001
2.364400e+003,2.151701e-001
2.368257e+003,2.166573e-001
2.372114e+003,2.182167e-001
2.375971e+003,2.193980e-001
2.379828e+003,2.200774e-001
2.383685e+003,2.202009e-001
2.387542e+003,2.196840e-001
2.391399e+003,2.188285e-001
2.395257e+003,2.175691e-001
2.399114e+003,2.162370e-001
2.402971e+003,2.147311e-001
2.406828e+003,2.131536e-001
2.410685e+003,2.116528e-001
2.414542e+003,2.102329e-001
2.418399e+003,2.093129e-001
2.422256e+003,2.087108e-001
2.426113e+003,2.082456e-001
2.429970e+003,2.078765e-001
2.433828e+003,2.078723e-001
2.437685e+003,2.079337e-001
2.441542e+003,2.079521e-001
2.445399e+003,2.077852e-001
2.449256e+003,2.074953e-001
2.453113e+003,2.069719e-001
2.456970e+003,2.062325e-001
2.460827e+003,2.054062e-001
2.464684e+003,2.040141e-001
2.468541e+003,2.025173e-001
2.472398e+003,2.011824e-001
2.476256e+003,1.995163e-001
2.480113e+003,1.978773e-001
2.483970e+003,1.965250e-001
2.487827e+003,1.954753e-001
2.491684e+003,1.946190e-001
2.495541e+003,1.940425e-001
2.499398e+003,1.937661e-001
2.503255e+003,1.939527e-001
2.507112e+003,1.941271e-001
2.510969e+003,1.942108e-001
2.514826e+003,1.942214e-001
2.518684e+003,1.942504e-001
2.522541e+003,1.946522e-001
2.526398e+003,1.948464e-001
2.530255e+003,1.947638e-001
2.534112e+003,1.943801e-001
2.537969e+003,1.940366e-001
2.541826e+003,1.937806e-001
2.545683e+003,1.933897e-001
2.549540e+003,1.930032e-001
2.553397e+003,1.928248e-001
2.557255e+003,1.928180e-001
2.561112e+003,1.931520e-001
2.564969e+003,1.936969e-001
2.568826e+003,1.943249e-001
2.572683e+003,1.951435e-001
2.576540e+003,1.963608e-001
2.580397e+003,1.976708e-001
2.584254e+003,1.987756e-001
2.588111e+003,1.999786e-001
2.591969e+003,2.016579e-001
2.595825e+003,2.027039e-001
2.599683e+003,2.037362e-001
2.603540e+003,2.050209e-001
2.607397e+003,2.062023e-001
2.611254e+003,2.073944e-001
2.615111e+003,2.082363e-001
2.618968e+003,2.089348e-001
2.622825e+003,2.104180e-001
2.626682e+003,2.121668e-001
2.630539e+003,2.135540e-001
2.634396e+003,2.149795e-001
2.638254e+003,2.165275e-001
2.642111e+003,2.183464e-001
2.645968e+003,2.209026e-001
2.649825e+003,2.232844e-001
2.653682e+003,2.247052e-001
2.657539e+003,2.264810e-001
2.661396e+003,2.284810e-001
2.665253e+003,2.305436e-001
2.669110e+003,2.328066e-001
2.672968e+003,2.352626e-001
2.676824e+003,2.377284e-001
2.680682e+003,2.399206e-001
2.684539e+003,2.422136e-001
2.688396e+003,2.445394e-001
2.692253e+003,2.466041e-001
2.696110e+003,2.488364e-001
2.699967e+003,2.510032e-001
2.703824e+003,2.534332e-001
2.707681e+003,2.562433e-001
2.711538e+003,2.589143e-001
2.715396e+003,2.616756e-001
2.719253e+003,2.640518e-001
2.723110e+003,2.667896e-001
2.726967e+003,2.698454e-001
2.730824e+003,2.727134e-001
2.734681e+003,2.756765e-001
2.738538e+003,2.786357e-001
2.742395e+003,2.815605e-001
2.746252e+003,2.846979e-001
2.750109e+003,2.877950e-001
2.753967e+003,2.910984e-001
2.757823e+003,2.940907e-001
2.761681e+003,2.970102e-001
2.765538e+003,3.002335e-001
2.769395e+003,3.037193e-001
2.773252e+003,3.072260e-001
2.777109e+003,3.106771e-001
2.780966e+003,3.142505e-001
2.784823e+003,3.178811e-001
2.788680e+003,3.212808e-001
2.792537e+003,3.243486e-001
2.796395e+003,3.278373e-001
2.800252e+003,3.313929e-001
2.804109e+003,3.346512e-001
2.807966e+003,3.382884e-001
2.811823e+003,3.425011e-001
2.815680e+003,3.462098e-001
2.819537e+003,3.496346e-001
2.823394e+003,3.536891e-001
2.827251e+003,3.583440e-001
2.831108e+003,3.627325e-001
2.834966e+003,3.670170e-001
2.838823e+003,3.712452e-001
2.842680e+003,3.756109e-001
2.846537e+003,3.799786e-001
2.850394e+003,3.842247e-001
2.854251e+003,3.887830e-001
2.858108e+003,3.934658e-001
2.861965e+003,3.973313e-001
2.865822e+003,4.012846e-001
2.869679e+003,4.056154e-001
2.873536e+003,4.100351e-001
2.877394e+003,4.146881e-001
2.881251e+003,4.192742e-001
2.885108e+003,4.239599e-001
2.888965e+003,4.291992e-001
2.892822e+003,4.343993e-001
2.896679e+003,4.397102e-001
2.900536e+003,4.457002e-001
2.904393e+003,4.508997e-001
2.908250e+003,4.556901e-001
2.912107e+003,4.612229e-001
2.915965e+003,4.665310e-001
2.919822e+003,4.716237e-001
2.923679e+003,4.770268e-001
2.927536e+003,4.823340e-001
2.931393e+003,4.877187e-001
2.935250e+003,4.930857e-001
2.939107e+003,4.983047e-001
2.942964e+003,5.033883e-001
2.946821e+003,5.092292e-001
2.950678e+003,5.150729e-001
2.954535e+003,5.205717e-001
2.958393e+003,5.267676e-001
2.962250e+003,5.330260e-001
2.966107e+003,5.386990e-001
2.969964e+003,5.442263e-001
2.973821e+003,5.507905e-001
2.977678e+003,5.577475e-001
2.981535e+003,5.637565e-001
2.985392e+003,5.703725e-001
2.989249e+003,5.770041e-001
2.993106e+003,5.831037e-001
2.996964e+003,5.896196e-001
3.000821e+003,5.962265e-001
3.004678e+003,6.012821e-001
3.008535e+003,6.066573e-001
3.012392e+003,6.132887e-001
3.016249e+003,6.209928e-001
3.020106e+003,6.283699e-001
3.023963e+003,6.347747e-001
3.027820e+003,6.414933e-001
3.031677e+003,6.493026e-001
3.035534e+003,6.561497e-001
3.039392e+003,6.631484e-001
3.043249e+003,6.711544e-001
3.047106e+003,6.786954e-001
3.050963e+003,6.859006e-001
3.054820e+003,6.930239e-001
3.058677e+003,7.006681e-001
3.062534e+003,7.076094e-001
3.066391e+003,7.143092e-001
3.070248e+003,7.217998e-001
3.074105e+003,7.300355e-001
3.077963e+003,7.381794e-001
3.081820e+003,7.453315e-001
3.085677e+003,7.524970e-001
3.089534e+003,7.604165e-001
3.093391e+003,7.680473e-001
3.097248e+003,7.759557e-001
3.101105e+003,7.846433e-001
3.104962e+003,7.929516e-001
3.108819e+003,8.011265e-001
3.112677e+003,8.096235e-001
3.116533e+003,8.170639e-001
3.120391e+003,8.259514e-001
3.124248e+003,8.355299e-001
3.128105e+003,8.432742e-001
3.131962e+003,8.513758e-001
3.135819e+003,8.606240e-001
3.139676e+003,8.705257e-001
3.143533e+003,8.802321e-001
3.147390e+003,8.880024e-001
3.151247e+003,8.943245e-001
3.155104e+003,9.028967e-001
3.158962e+003,9.132298e-001
3.162819e+003,9.225509e-001
3.166676e+003,9.312402e-001
3.170533e+003,9.399574e-001
3.174390e+003,9.480171e-001
3.178247e+003,9.549686e-001
3.182104e+003,9.636977e-001
3.185961e+003,9.745898e-001
3.189818e+003,9.841406e-001
3.193675e+003,9.922754e-001
3.197532e+003,1.001347e+000
3.201390e+003,1.011125e+000
3.205247e+003,1.017744e+000
3.209104e+003,1.023745e+000
3.212961e+003,1.032879e+000
3.216818e+003,1.041641e+000
3.220675e+003,1.049082e+000
3.224532e+003,1.057409e+000
3.228389e+003,1.063731e+000
3.232246e+003,1.067675e+000
3.236104e+003,1.072629e+000
3.239960e+003,1.080542e+000
3.243818e+003,1.088019e+000
3.247675e+003,1.095867e+000
3.251532e+003,1.105715e+000
3.255389e+003,1.112131e+000
3.259246e+003,1.117734e+000
3.263103e+003,1.124473e+000
3.266960e+003,1.132437e+000
3.270817e+003,1.141150e+000
3.274674e+003,1.147583e+000
3.278531e+003,1.152886e+000
3.282389e+003,1.159827e+000
3.286246e+003,1.168701e+000
3.290103e+003,1.172993e+000
3.293960e+003,1.178834e+000
3.297817e+003,1.189776e+000
3.301674e+003,1.202511e+000
3.305531e+003,1.210143e+000
3.309388e+003,1.216657e+000
3.313245e+003,1.226486e+000
3.317103e+003,1.238978e+000
3.320959e+003,1.247925e+000
3.324817e+003,1.254420e+000
3.328674e+003,1.264164e+000
3.332531e+003,1.269813e+000
3.336388e+003,1.272515e+000
3.340245e+003,1.281888e+000
3.344102e+003,1.291748e+000
3.347959e+003,1.303232e+000
3.351816e+003,1.310845e+000
3.355673e+003,1.312214e+000
3.359531e+003,1.317930e+000
3.363388e+003,1.324446e+000
3.367245e+003,1.335684e+000
3.371102e+003,1.344792e+000
3.374959e+003,1.352821e+000
3.378816e+003,1.360260e+000
3.382673e+003,1.366119e+000
3.386530e+003,1.371967e+000
3.390387e+003,1.381053e+000
3.394244e+003,1.391274e+000
3.398102e+003,1.397753e+000
3.401958e+003,1.400381e+000
3.405816e+003,1.401653e+000
3.409673e+003,1.409438e+000
3.413530e+003,1.417198e+000
3.417387e+003,1.420401e+000
3.421244e+003,1.432096e+000
3.425101e+003,1.439589e+000
3.428958e+003,1.442863e+000
3.432815e+003,1.445659e+000
3.436672e+003,1.448808e+000
3.440530e+003,1.451804e+000
3.444387e+003,1.458127e+000
3.448244e+003,1.468084e+000
3.452101e+003,1.471014e+000
3.455958e+003,1.474699e+000
3.459815e+003,1.477746e+000
3.463672e+003,1.484386e+000
3.467529e+003,1.488540e+000
3.471386e+003,1.488407e+000
3.475243e+003,1.494016e+000
3.479101e+003,1.495833e+000
3.482958e+003,1.492137e+000
3.486815e+003,1.499776e+000
3.490672e+003,1.510039e+000
3.494529e+003,1.512801e+000
3.498386e+003,1.511525e+000
3.502243e+003,1.509589e+000
3.506100e+003,1.507192e+000
3.509957e+003,1.510916e+000
3.513814e+003,1.519786e+000
3.517671e+003,1.527047e+000
3.521529e+003,1.533276e+000
3.525386e+003,1.525820e+000
3.529243e+003,1.514795e+000
3.533100e+003,1.519033e+000
3.536957e+003,1.525030e+000
3.540814e+003,1.529558e+000
3.544671e+003,1.523060e+000
3.548528e+003,1.515626e+000
3.552385e+003,1.509947e+000
3.556242e+003,1.500548e+000
3.560100e+003,1.494810e+000
3.563957e+003,1.483783e+000
3.567814e+003,1.471926e+000
3.571671e+003,1.461455e+000
3.575528e+003,1.440352e+000
3.579385e+003,1.415585e+000
3.583242e+003,1.397047e+000
3.587099e+003,1.371780e+000
3.590956e+003,1.340388e+000
3.594813e+003,1.308874e+000
3.598670e+003,1.273955e+000
3.602528e+003,1.235246e+000
3.606385e+003,1.192401e+000
3.610242e+003,1.143549e+000
3.614099e+003,1.094301e+000
3.617956e+003,1.041572e+000
3.621813e+003,9.888318e-001
3.625670e+003,9.349180e-001
3.629527e+003,8.794138e-001
3.633384e+003,8.218584e-001
3.637241e+003,7.639232e-001
3.641099e+003,7.086203e-001
3.644956e+003,6.552121e-001
3.648813e+003,6.021217e-001
3.652670e+003,5.527748e-001
3.656527e+003,5.061071e-001
3.660384e+003,4.617650e-001
3.664241e+003,4.222947e-001
3.668098e+003,3.872483e-001
3.671955e+003,3.555005e-001
3.675813e+003,3.272201e-001
3.679669e+003,3.022249e-001
3.683527e+003,2.802001e-001
3.687384e+003,2.612303e-001
3.691241e+003,2.445999e-001
3.695098e+003,2.301795e-001
3.698955e+003,2.176643e-001
3.702812e+003,2.063890e-001
3.706669e+003,1.959137e-001
3.710526e+003,1.858860e-001
3.714383e+003,1.769336e-001
3.718240e+003,1.696225e-001
3.722098e+003,1.627719e-001
3.725955e+003,1.564596e-001
3.729812e+003,1.514209e-001
3.733669e+003,1.470710e-001
3.737526e+003,1.433363e-001
3.741383e+003,1.408886e-001
3.745240e+003,1.395732e-001
3.749097e+003,1.384745e-001
3.752954e+003,1.370927e-001
3.756812e+003,1.362352e-001
3.760668e+003,1.353686e-001
3.764526e+003,1.345348e-001
3.768383e+003,1.342898e-001
3.772240e+003,1.335339e-001
3.776097e+003,1.322808e-001
3.779954e+003,1.311878e-001
3.783811e+003,1.295891e-001
3.787668e+003,1.272901e-001
3.791525e+003,1.254342e-001
3.795382e+003,1.239690e-001
3.799240e+003,1.225698e-001
3.803097e+003,1.214886e-001
3.806954e+003,1.212426e-001
3.810811e+003,1.210854e-001
3.814668e+003,1.205037e-001
3.818525e+003,1.202813e-001
3.822382e+003,1.202157e-001
3.826239e+003,1.202696e-001
3.830096e+003,1.208004e-001
3.833953e+003,1.213014e-001
3.837811e+003,1.212130e-001
3.841667e+003,1.205967e-001
3.845525e+003,1.201032e-001
3.849382e+003,1.200267e-001
3.853239e+003,1.195884e-001
3.857096e+003,1.183835e-001
3.860953e+003,1.169879e-001
3.864810e+003,1.163222e-001
3.868667e+003,1.157054e-001
3.872524e+003,1.146043e-001
3.876381e+003,1.134436e-001
3.880239e+003,1.131366e-001
3.884096e+003,1.130412e-001
3.887953e+003,1.130791e-001
3.891810e+003,1.131376e-001
3.895667e+003,1.129822e-001
3.899524e+003,1.128593e-001
3.903381e+003,1.130728e-001
3.907238e+003,1.135085e-001
3.911095e+003,1.137507e-001
3.914952e+003,1.139885e-001
3.918810e+003,1.139158e-001
3.922667e+003,1.130973e-001
3.926524e+003,1.123060e-001
3.930381e+003,1.112818e-001
3.934238e+003,1.099465e-001
3.938095e+003,1.094012e-001
3.941952e+003,1.090870e-001
3.945809e+003,1.083005e-001
3.949666e+003,1.078935e-001
3.953523e+003,1.076598e-001
3.957380e+003,1.070638e-001
3.961238e+003,1.066457e-001
3.965094e+003,1.067215e-001
3.968952e+003,1.065483e-001
3.972809e+003,1.061230e-001
3.976666e+003,1.061566e-001
3.980523e+003,1.061507e-001
3.984380e+003,1.062502e-001
3.988237e+003,1.062273e-001
3.992094e+003,1.060885e-001
3.995951e+003,1.056380e-001
3.999808e+003,1.049050e-001
4.003666e+003,1.046060e-001
4.007523e+003,1.038107e-001
4.011380e+003,1.026212e-001
4.015237e+003,1.018081e-001
4.019094e+003,1.013910e-001
4.022951e+003,1.012579e-001
4.026808e+003,1.005427e-001
4.030665e+003,1.001689e-001
4.034522e+003,9.965722e-002
4.038379e+003,9.860023e-002
4.042237e+003,9.830658e-002
4.046094e+003,9.846043e-002
4.049951e+003,9.794764e-002
4.053808e+003,9.757718e-002
4.057665e+003,9.794374e-002
4.061522e+003,9.768658e-002
4.065379e+003,9.731435e-002
4.069236e+003,9.726660e-002
4.073093e+003,9.707924e-002
4.076950e+003,9.667425e-002
4.080807e+003,9.603276e-002
4.084665e+003,9.566150e-002
4.088522e+003,9.522214e-002
4.092379e+003,9.446153e-002
4.096236e+003,9.331810e-002
4.100093e+003,9.213983e-002
4.103950e+003,9.197804e-002
4.107807e+003,9.192407e-002
4.111665e+003,9.076520e-002
4.115521e+003,8.988564e-002
4.119378e+003,8.967027e-002
4.123236e+003,8.944780e-002
4.127093e+003,8.938596e-002
4.130950e+003,8.972249e-002
4.134807e+003,8.996104e-002
4.138664e+003,8.971667e-002
4.142521e+003,8.923119e-002
4.146378e+003,8.896706e-002
4.150235e+003,8.905340e-002
4.154092e+003,8.874910e-002
4.157950e+003,8.811434e-002
4.161807e+003,8.783389e-002
4.165664e+003,8.781701e-002
4.169521e+003,8.698270e-002
4.173378e+003,8.623787e-002
4.177235e+003,8.574787e-002
4.181092e+003,8.506040e-002
4.184949e+003,8.446361e-002
4.188806e+003,8.392354e-002
4.192664e+003,8.396997e-002
4.196521e+003,8.353385e-002
4.200377e+003,8.334275e-002
4.204235e+003,8.359727e-002
4.208092e+003,8.388206e-002
4.211949e+003,8.431923e-002
4.215806e+003,8.412252e-002
4.219663e+003,8.474523e-002
4.223520e+003,8.553486e-002
4.227377e+003,8.514650e-002
4.231234e+003,8.520459e-002
4.235091e+003,8.491305e-002
4.238949e+003,8.413596e-002
4.242806e+003,8.373783e-002
4.246663e+003,8.348433e-002
4.250520e+003,8.324919e-002
4.254377e+003,8.251178e-002
4.258234e+003,8.197949e-002
4.262091e+003,8.227016e-002
4.265948e+003,8.165107e-002
4.269805e+003,8.094235e-002
4.273663e+003,8.103362e-002
4.277520e+003,8.144207e-002
4.281376e+003,8.199374e-002
4.285234e+003,8.244575e-002
4.289091e+003,8.340202e-002
4.292948e+003,8.421616e-002
4.296805e+003,8.443025e-002
4.300662e+003,8.458783e-002
4.304519e+003,8.529753e-002
4.308376e+003,8.568563e-002
4.312233e+003,8.598129e-002
4.316090e+003,8.594454e-002
4.319948e+003,8.476242e-002
4.323805e+003,8.394151e-002
4.327662e+003,8.414537e-002
4.331519e+003,8.402075e-002
4.335376e+003,8.370770e-002
4.339233e+003,8.391695e-002
4.343090e+003,8.407725e-002
4.346947e+003,8.392844e-002
4.350804e+003,8.449955e-002
4.354662e+003,8.536560e-002
4.358519e+003,8.603033e-002
4.362375e+003,8.688787e-002
4.366233e+003,8.792333e-002
4.370090e+003,8.915445e-002
4.373947e+003,8.994999e-002
4.377804e+003,9.037201e-002
4.381661e+003,9.114134e-002
4.385518e+003,9.141114e-002
4.389375e+003,9.113529e-002
4.393232e+003,9.121303e-002
4.397089e+003,9.154464e-002
4.400947e+003,9.135392e-002
4.404804e+003,9.108057e-002
4.408661e+003,9.141076e-002
4.412518e+003,9.060536e-002
4.416375e+003,9.046006e-002
4.420232e+003,9.105458e-002
4.424089e+003,9.154955e-002
4.427946e+003,9.227671e-002
4.431803e+003,9.281422e-002
4.435661e+003,9.391667e-002
4.439518e+003,9.600850e-002
4.443375e+003,9.712709e-002
4.447232e+003,9.782714e-002
4.451089e+003,9.877528e-002
4.454946e+003,9.950627e-002
4.458803e+003,1.000068e-001
4.462660e+003,1.001445e-001
4.466517e+003,1.003654e-001
4.470375e+003,9.985207e-002
4.474231e+003,9.893321e-002
4.478088e+003,9.827039e-002
4.481946e+003,9.781726e-002
4.485803e+003,9.793938e-002
4.489660e+003,9.769800e-002
4.493517e+003,9.739076e-002
4.497374e+003,9.815660e-002
4.501231e+003,9.873597e-002
4.505088e+003,9.905797e-002
4.508945e+003,1.002019e-001
4.512802e+003,1.009593e-001
4.516660e+003,1.015431e-001
4.520517e+003,1.027107e-001
4.524374e+003,1.032607e-001
4.528231e+003,1.029865e-001
4.532088e+003,1.031973e-001
4.535945e+003,1.030007e-001
4.539802e+003,1.023841e-001
4.543659e+003,1.016078e-001
4.547516e+003,1.003838e-001
4.551374e+003,1.003100e-001
4.555230e+003,9.991408e-002
4.559087e+003,9.895638e-002
4.562945e+003,9.813417e-002
4.566802e+003,9.800606e-002
4.570659e+003,9.865088e-002
4.574516e+003,9.870852e-002
4.578373e+003,9.912340e-002
4.582230e+003,1.002143e-001
4.586087e+003,1.014831e-001
4.589944e+003,1.027308e-001
4.593801e+003,1.031255e-001
4.597659e+003,1.034799e-001
4.601516e+003,1.042819e-001
4.605373e+003,1.040581e-001
4.609230e+003,1.036369e-001
4.613087e+003,1.039680e-001
4.616944e+003,1.035383e-001
4.620801e+003,1.030230e-001
4.624658e+003,1.023992e-001
4.628515e+003,1.019925e-001
4.632373e+003,1.018931e-001
4.636229e+003,1.020387e-001
4.640086e+003,1.028764e-001
4.643944e+003,1.030360e-001
4.647801e+003,1.027059e-001
4.651658e+003,1.030625e-001
4.655515e+003,1.043417e-001
4.659372e+003,1.058255e-001
4.663229e+003,1.069021e-001
4.667086e+003,1.080332e-001
4.670943e+003,1.095065e-001
4.674800e+003,1.102502e-001
4.678658e+003,1.108707e-001
4.682515e+003,1.116637e-001
4.686372e+003,1.113321e-001
4.690229e+003,1.103150e-001
4.694086e+003,1.096448e-001
4.697943e+003,1.101920e-001
4.701800e+003,1.101859e-001
4.705657e+003,1.094465e-001
4.709514e+003,1.088549e-001
4.713372e+003,1.086958e-001
4.717229e+003,1.086333e-001
4.721085e+003,1.085944e-001
4.724943e+003,1.098718e-001
4.728800e+003,1.116636e-001
4.732657e+003,1.129814e-001
4.736514e+003,1.146333e-001
4.740371e+003,1.154489e-001
4.744228e+003,1.153833e-001
4.748085e+003,1.157667e-001
4.751942e+003,1.177125e-001
4.755799e+003,1.187043e-001
4.759657e+003,1.181829e-001
4.763514e+003,1.183109e-001
4.767371e+003,1.178542e-001
4.771228e+003,1.168249e-001
4.775085e+003,1.163605e-001
4.778942e+003,1.160763e-001
4.782799e+003,1.161444e-001
4.786656e+003,1.161401e-001
4.790513e+003,1.166324e-001
4.794371e+003,1.163883e-001
4.798228e+003,1.166224e-001
4.802084e+003,1.180310e-001
4.805942e+003,1.195088e-001
4.809799e+003,1.201149e-001
4.813656e+003,1.212766e-001
4.817513e+003,1.225881e-001
4.821370e+003,1.240212e-001
4.825227e+003,1.251239e-001
4.829084e+003,1.260099e-001
4.832941e+003,1.269771e-001
4.836798e+003,1.268239e-001
4.840656e+003,1.253432e-001
4.844513e+003,1.242002e-001
4.848370e+003,1.235414e-001
4.852227e+003,1.228242e-001
4.856084e+003,1.226097e-001
4.859941e+003,1.222981e-001
4.863798e+003,1.230705e-001
4.867655e+003,1.240787e-001
4.871512e+003,1.241782e-001
4.875370e+003,1.248928e-001
4.879227e+003,1.262850e-001
4.883083e+003,1.276185e-001
4.886941e+003,1.277294e-001
4.890798e+003,1.289891e-001
4.894655e+003,1.311265e-001
4.898512e+003,1.323226e-001
4.902369e+003,1.323680e-001
4.906226e+003,1.318681e-001
4.910083e+003,1.323396e-001
4.913940e+003,1.319057e-001
4.917797e+003,1.315041e-001
4.921655e+003,1.319368e-001
4.925512e+003,1.321047e-001
4.929369e+003,1.319259e-001
4.933226e+003,1.309951e-001
4.937083e+003,1.296820e-001
4.940940e+003,1.296998e-001
4.944797e+003,1.301285e-001
4.948654e+003,1.308171e-001
4.952511e+003,1.326069e-001
4.956369e+003,1.329823e-001
4.960226e+003,1.328258e-001
4.964083e+003,1.334868e-001
4.967940e+003,1.347602e-001
4.971797e+003,1.364699e-001
4.975654e+003,1.379222e-001
4.979511e+003,1.376848e-001
4.983368e+003,1.361868e-001
4.987225e+003,1.361219e-001
4.991083e+003,1.364798e-001
4.994939e+003,1.364571e-001
4.998796e+003,1.361121e-001
5.002654e+003,1.357852e-001
5.006511e+003,1.355795e-001
5.010368e+003,1.360692e-001
5.014225e+003,1.356487e-001
5.018082e+003,1.350882e-001
5.021939e+003,1.347097e-001
5.025796e+003,1.346885e-001
5.029653e+003,1.359469e-001
5.033510e+003,1.375263e-001
5.037368e+003,1.381833e-001
5.041225e+003,1.387281e-001
5.045082e+003,1.389251e-001
5.048939e+003,1.394018e-001
5.052796e+003,1.403370e-001
5.056653e+003,1.406923e-001
5.060510e+003,1.408473e-001
5.064367e+003,1.411002e-001
5.068224e+003,1.414862e-001
5.072082e+003,1.408900e-001
5.075938e+003,1.399788e-001
5.079795e+003,1.406582e-001
5.083653e+003,1.405629e-001
5.087510e+003,1.403069e-001
5.091367e+003,1.397002e-001
5.095224e+003,1.391742e-001
5.099081e+003,1.403739e-001
5.102938e+003,1.406566e-001
5.106795e+003,1.405649e-001
5.110652e+003,1.412796e-001
5.114509e+003,1.414416e-001
5.118367e+003,1.413550e-001
5.122224e+003,1.410833e-001
5.126081e+003,1.418985e-001
5.129938e+003,1.436868e-001
5.133795e+003,1.441388e-001
5.137652e+003,1.433541e-001
5.141509e+003,1.433404e-001
5.145366e+003,1.429347e-001
5.149223e+003,1.427327e-001
5.153081e+003,1.427782e-001
5.156938e+003,1.412723e-001
5.160794e+003,1.402564e-001
5.164652e+003,1.404270e-001
5.168509e+003,1.408484e-001
5.172366e+003,1.413375e-001
5.176223e+003,1.423560e-001
5.180080e+003,1.431007e-001
5.183937e+003,1.434727e-001
5.187794e+003,1.431654e-001
5.191651e+003,1.425585e-001
5.195508e+003,1.420162e-001
5.199366e+003,1.426098e-001
5.203223e+003,1.433985e-001
5.207080e+003,1.436855e-001
5.210937e+003,1.445942e-001
5.214794e+003,1.449252e-001
5.218651e+003,1.445276e-001
5.222508e+003,1.426949e-001
5.226365e+003,1.410374e-001
5.230222e+003,1.399588e-001
5.234080e+003,1.399295e-001
5.237937e+003,1.400463e-001
5.241793e+003,1.396687e-001
5.245651e+003,1.398751e-001
5.249508e+003,1.386283e-001
5.253365e+003,1.373366e-001
5.257222e+003,1.372754e-001
5.261079e+003,1.370748e-001
5.264936e+003,1.370806e-001
5.268793e+003,1.367116e-001
5.272650e+003,1.366609e-001
5.276507e+003,1.374788e-001
5.280365e+003,1.381912e-001
5.284222e+003,1.373918e-001
5.288079e+003,1.367712e-001
5.291936e+003,1.367540e-001
5.295793e+003,1.360322e-001
5.299650e+003,1.366363e-001
5.303507e+003,1.368363e-001
5.307364e+003,1.359467e-001
5.311221e+003,1.349077e-001
5.315079e+003,1.340054e-001
5.318936e+003,1.326488e-001
5.322792e+003,1.322973e-001
5.326650e+003,1.325434e-001
5.330507e+003,1.327460e-001
5.334364e+003,1.319979e-001
5.338221e+003,1.320871e-001
5.342078e+003,1.327267e-001
5.345935e+003,1.327460e-001
5.349792e+003,1.329644e-001
5.353649e+003,1.331398e-001
5.357506e+003,1.330487e-001
5.361364e+003,1.318258e-001
5.365221e+003,1.311141e-001
5.369078e+003,1.318905e-001
5.372935e+003,1.325857e-001
5.376792e+003,1.323246e-001
5.380649e+003,1.317139e-001
5.384506e+003,1.312259e-001
5.388363e+003,1.313774e-001
5.392220e+003,1.309644e-001
5.396078e+003,1.301412e-001
5.399935e+003,1.298807e-001
5.403792e+003,1.303566e-001
5.407649e+003,1.302848e-001
5.411506e+003,1.300512e-001
5.415363e+003,1.302238e-001
5.419220e+003,1.299459e-001
5.423077e+003,1.288698e-001
5.426934e+003,1.286201e-001
5.430792e+003,1.290578e-001
5.434648e+003,1.295532e-001
5.438505e+003,1.296033e-001
5.442363e+003,1.291660e-001
5.446220e+003,1.289108e-001
5.450077e+003,1.287525e-001
5.453934e+003,1.293954e-001
5.457791e+003,1.290864e-001
5.461648e+003,1.290520e-001
5.465505e+003,1.292901e-001
5.469362e+003,1.287944e-001
5.473219e+003,1.282287e-001
5.477077e+003,1.276884e-001
5.480934e+003,1.270375e-001
5.484791e+003,1.264327e-001
5.488648e+003,1.263326e-001
5.492505e+003,1.262391e-001
5.496362e+003,1.263737e-001
5.500219e+003,1.261129e-001
5.504076e+003,1.256965e-001
5.507933e+003,1.258810e-001
5.511791e+003,1.260725e-001
5.515647e+003,1.264272e-001
5.519504e+003,1.260395e-001
5.523362e+003,1.253366e-001
5.527219e+003,1.254571e-001
5.531076e+003,1.262143e-001
5.534933e+003,1.269560e-001
5.538790e+003,1.271672e-001
5.542647e+003,1.263729e-001
5.546504e+003,1.255310e-001
5.550361e+003,1.247946e-001
5.554218e+003,1.246406e-001
5.558076e+003,1.238151e-001
5.561933e+003,1.232186e-001
5.565790e+003,1.236863e-001
5.569647e+003,1.237911e-001
5.573504e+003,1.224551e-001
5.577361e+003,1.214403e-001
5.581218e+003,1.222110e-001
5.585075e+003,1.246428e-001
5.588932e+003,1.252389e-001
5.592790e+003,1.234357e-001
5.596646e+003,1.228857e-001
5.600503e+003,1.232397e-001
5.604361e+003,1.234047e-001
5.608218e+003,1.235445e-001
5.612075e+003,1.241086e-001
5.615932e+003,1.237053e-001
5.619789e+003,1.227521e-001
5.623646e+003,1.224337e-001
5.627503e+003,1.229826e-001
5.631360e+003,1.221452e-001
5.635217e+003,1.216087e-001
5.639075e+003,1.212661e-001
5.642932e+003,1.196734e-001
5.646789e+003,1.191528e-001
5.650646e+003,1.193450e-001
5.654503e+003,1.191266e-001
5.658360e+003,1.195208e-001
5.662217e+003,1.202180e-001
5.666074e+003,1.209467e-001
5.669931e+003,1.208744e-001
5.673789e+003,1.210022e-001
5.677646e+003,1.220364e-001
5.681502e+003,1.223008e-001
5.685360e+003,1.217801e-001
5.689217e+003,1.233624e-001
5.693074e+003,1.242802e-001
5.696931e+003,1.220880e-001
5.700788e+003,1.195842e-001
5.704645e+003,1.195982e-001
5.708502e+003,1.194120e-001
5.712359e+003,1.196241e-001
5.716216e+003,1.200568e-001
5.720074e+003,1.190943e-001
5.723931e+003,1.178066e-001
5.727788e+003,1.175495e-001
5.731645e+003,1.183669e-001
5.735502e+003,1.196397e-001
5.739359e+003,1.199043e-001
5.743216e+003,1.211322e-001
5.747073e+003,1.217583e-001
5.750930e+003,1.211911e-001
5.754788e+003,1.213075e-001
5.758645e+003,1.209987e-001
5.762501e+003,1.210470e-001
5.766359e+003,1.215092e-001
5.770216e+003,1.215938e-001
5.774073e+003,1.205693e-001
5.777930e+003,1.197547e-001
5.781787e+003,1.188174e-001
5.785644e+003,1.195980e-001
5.789501e+003,1.208739e-001
5.793358e+003,1.195065e-001
5.797215e+003,1.186717e-001
5.801073e+003,1.191175e-001
5.804930e+003,1.198019e-001
5.808787e+003,1.208571e-001
5.812644e+003,1.199650e-001
5.816501e+003,1.200754e-001
5.820358e+003,1.215984e-001
5.824215e+003,1.223089e-001
5.828072e+003,1.209107e-001
5.831929e+003,1.193705e-001
5.835787e+003,1.210652e-001
5.839644e+003,1.216801e-001
5.843500e+003,1.210949e-001
5.847358e+003,1.194632e-001
5.851215e+003,1.192699e-001
5.855072e+003,1.202500e-001
5.858929e+003,1.196031e-001
5.862786e+003,1.198588e-001
5.866643e+003,1.200066e-001
5.870500e+003,1.186278e-001
5.874357e+003,1.193658e-001
5.878214e+003,1.208353e-001
5.882072e+003,1.208016e-001
5.885929e+003,1.201215e-001
5.889786e+003,1.210946e-001
5.893643e+003,1.236528e-001
5.897500e+003,1.251787e-001
5.901357e+003,1.257877e-001
5.905214e+003,1.253190e-001
5.909071e+003,1.248399e-001
5.912928e+003,1.241183e-001
5.916786e+003,1.229630e-001
5.920643e+003,1.225278e-001
5.924500e+003,1.218614e-001
5.928357e+003,1.228663e-001
5.932214e+003,1.240424e-001
5.936071e+003,1.224750e-001
5.939928e+003,1.202360e-001
5.943785e+003,1.204808e-001
5.947642e+003,1.204918e-001
5.951499e+003,1.211498e-001
5.955356e+003,1.217602e-001
5.959213e+003,1.221957e-001
5.963070e+003,1.226658e-001
5.966928e+003,1.228024e-001
5.970785e+003,1.235429e-001
5.974642e+003,1.248977e-001
5.978499e+003,1.265516e-001
5.982356e+003,1.268020e-001
5.986213e+003,1.257132e-001
5.990070e+003,1.251968e-001
5.993927e+003,1.254987e-001
5.997784e+003,1.245887e-001
6.001642e+003,1.233566e-001
6.005499e+003,1.242493e-001
6.009355e+003,1.243732e-001
6.013213e+003,1.237752e-001
6.017070e+003,1.237663e-001
6.020927e+003,1.245970e-001
6.024784e+003,1.247817e-001
6.028641e+003,1.242189e-001
6.032498e+003,1.244726e-001
6.036355e+003,1.245749e-001
6.040212e+003,1.253238e-001
6.044069e+003,1.270238e-001
6.047927e+003,1.270162e-001
6.051784e+003,1.271757e-001
6.055641e+003,1.269360e-001
6.059498e+003,1.272529e-001
6.063355e+003,1.279786e-001
6.067212e+003,1.278238e-001
6.071069e+003,1.278013e-001
6.074926e+003,1.271771e-001
6.078783e+003,1.279383e-001
6.082641e+003,1.267022e-001
6.086498e+003,1.258091e-001
6.090354e+003,1.269348e-001
6.094212e+003,1.278230e-001
6.098069e+003,1.277956e-001
6.101926e+003,1.259307e-001
6.105783e+003,1.268608e-001
6.109640e+003,1.281298e-001
6.113497e+003,1.289558e-001
6.117354e+003,1.301364e-001
6.121211e+003,1.297164e-001
6.125068e+003,1.299014e-001
6.128926e+003,1.302221e-001
6.132783e+003,1.295985e-001
6.136640e+003,1.303500e-001
6.140497e+003,1.309939e-001
6.144354e+003,1.316782e-001
6.148211e+003,1.311920e-001
6.152068e+003,1.294896e-001
6.155925e+003,1.287601e-001
6.159782e+003,1.288988e-001
6.163640e+003,1.291378e-001
6.167497e+003,1.291338e-001
6.171354e+003,1.288047e-001
6.175211e+003,1.293627e-001
6.179068e+003,1.295524e-001
6.182925e+003,1.286789e-001
6.186782e+003,1.282063e-001
6.190639e+003,1.307253e-001
6.194496e+003,1.331560e-001
6.198354e+003,1.343952e-001
6.202210e+003,1.354806e-001
6.206067e+003,1.365587e-001
6.209925e+003,1.360644e-001
6.213782e+003,1.342422e-001
6.217639e+003,1.344010e-001
6.221496e+003,1.339581e-001
6.225353e+003,1.327836e-001
6.229210e+003,1.318909e-001
6.233067e+003,1.308505e-001
6.236924e+003,1.311667e-001
6.240781e+003,1.330370e-001
6.244639e+003,1.313210e-001
6.248496e+003,1.310642e-001
6.252353e+003,1.312393e-001
6.256210e+003,1.324172e-001
6.260067e+003,1.324404e-001
6.263924e+003,1.329478e-001
6.267781e+003,1.333071e-001
6.271638e+003,1.340133e-001
6.275495e+003,1.344761e-001
6.279353e+003,1.350404e-001
6.283209e+003,1.352431e-001
6.287066e+003,1.350611e-001
6.290924e+003,1.355285e-001
6.294781e+003,1.363457e-001
6.298638e+003,1.356194e-001
6.302495e+003,1.325953e-001
6.306352e+003,1.318371e-001
6.310209e+003,1.336340e-001
6.314066e+003,1.331206e-001
6.317923e+003,1.320762e-001
6.321780e+003,1.328198e-001
6.325638e+003,1.335794e-001
6.329495e+003,1.334232e-001
6.333352e+003,1.355271e-001
6.337209e+003,1.361290e-001
6.341066e+003,1.359399e-001
6.344923e+003,1.361510e-001
6.348780e+003,1.376038e-001
6.352637e+003,1.391336e-001
6.356494e+003,1.395207e-001
6.360352e+003,1.377983e-001
6.364208e+003,1.372634e-001
6.368065e+003,1.367558e-001
6.371923e+003,1.368952e-001
6.375780e+003,1.364932e-001
6.379637e+003,1.348572e-001
6.383494e+003,1.344609e-001
6.387351e+003,1.329591e-001
6.391208e+003,1.319133e-001
6.395065e+003,1.339619e-001
6.398922e+003,1.370817e-001
6.402779e+003,1.377368e-001
6.406637e+003,1.372882e-001
6.410494e+003,1.358437e-001
6.414351e+003,1.356150e-001
6.418208e+003,1.366452e-001
6.422065e+003,1.388244e-001
6.425922e+003,1.380867e-001
6.429779e+003,1.362215e-001
6.433636e+003,1.363761e-001
6.437493e+003,1.355516e-001
6.441351e+003,1.363443e-001
6.445208e+003,1.390398e-001
6.449064e+003,1.390057e-001
6.452922e+003,1.398573e-001
6.456779e+003,1.387026e-001
6.460636e+003,1.380307e-001
6.464493e+003,1.372577e-001
6.468350e+003,1.363047e-001
6.472207e+003,1.357215e-001
6.476064e+003,1.371060e-001
6.479921e+003,1.365131e-001
6.483778e+003,1.363356e-001
6.487636e+003,1.360493e-001
6.491493e+003,1.371141e-001
6.495350e+003,1.385309e-001
6.499207e+003,1.374769e-001
6.503064e+003,1.353257e-001
6.506921e+003,1.355237e-001
6.510778e+003,1.381527e-001
6.514635e+003,1.378604e-001
6.518492e+003,1.384429e-001
6.522350e+003,1.403242e-001
6.526207e+003,1.401005e-001
6.530063e+003,1.402729e-001
6.533921e+003,1.391628e-001
6.537778e+003,1.379245e-001
6.541635e+003,1.372504e-001
6.545492e+003,1.348482e-001
6.549349e+003,1.344597e-001
6.553206e+003,1.356638e-001
6.557063e+003,1.351985e-001
6.560920e+003,1.356563e-001
6.564777e+003,1.377856e-001
6.568635e+003,1.386821e-001
6.572492e+003,1.384947e-001
6.576349e+003,1.380478e-001
6.580206e+003,1.392708e-001
6.584063e+003,1.400036e-001
6.587920e+003,1.396469e-001
6.591777e+003,1.388798e-001
6.595634e+003,1.384822e-001
6.599491e+003,1.380348e-001
6.603349e+003,1.397416e-001
6.607206e+003,1.412737e-001
6.611063e+003,1.417803e-001
6.614920e+003,1.409850e-001
6.618777e+003,1.368828e-001
6.622634e+003,1.360642e-001
6.626491e+003,1.371808e-001
6.630348e+003,1.370185e-001
6.634205e+003,1.378496e-001
6.638063e+003,1.389621e-001
6.641919e+003,1.394864e-001
6.645776e+003,1.378033e-001
6.649634e+003,1.370599e-001
6.653491e+003,1.403298e-001
6.657348e+003,1.435823e-001
6.661205e+003,1.408185e-001
6.665062e+003,1.374292e-001
6.668919e+003,1.364449e-001
6.672776e+003,1.370336e-001
6.676633e+003,1.381421e-001
6.680490e+003,1.400787e-001
6.684348e+003,1.398503e-001
6.688205e+003,1.372763e-001
6.692062e+003,1.368352e-001
6.695919e+003,1.358847e-001
6.699776e+003,1.364283e-001
6.703633e+003,1.383951e-001
6.707490e+003,1.398432e-001
6.711347e+003,1.381434e-001
6.715204e+003,1.380964e-001
6.719062e+003,1.388777e-001
6.722918e+003,1.386871e-001
6.726775e+003,1.356537e-001
6.730633e+003,1.368597e-001
6.734490e+003,1.388107e-001
6.738347e+003,1.394512e-001
6.742204e+003,1.404988e-001
6.746061e+003,1.405949e-001
6.749918e+003,1.397927e-001
6.753775e+003,1.393929e-001
6.757632e+003,1.401887e-001
6.761489e+003,1.396744e-001
6.765347e+003,1.369571e-001
6.769204e+003,1.366562e-001
6.773061e+003,1.402383e-001
6.776918e+003,1.427561e-001
6.780775e+003,1.449735e-001
6.784632e+003,1.432371e-001
6.788489e+003,1.390400e-001
6.792346e+003,1.386300e-001
6.796203e+003,1.395140e-001
6.800061e+003,1.418535e-001
6.803917e+003,1.417711e-001
6.807774e+003,1.419146e-001
6.811632e+003,1.419592e-001
6.815489e+003,1.409267e-001
6.819346e+003,1.417091e-001
6.823203e+003,1.410917e-001
6.827060e+003,1.410672e-001
6.830917e+003,1.397777e-001
6.834774e+003,1.413211e-001
6.838631e+003,1.444719e-001
6.842488e+003,1.442006e-001
6.846346e+003,1.399651e-001
6.850203e+003,1.380195e-001
6.854060e+003,1.394076e-001
6.857917e+003,1.410701e-001
6.861774e+003,1.428438e-001
6.865631e+003,1.410471e-001
6.869488e+003,1.396305e-001
6.873345e+003,1.389729e-001
6.877202e+003,1.411826e-001
6.881060e+003,1.436763e-001
6.884917e+003,1.432420e-001
6.888773e+003,1.431607e-001
6.892631e+003,1.429647e-001
6.896488e+003,1.444753e-001
6.900345e+003,1.421652e-001
6.904202e+003,1.406526e-001
6.908059e+003,1.433560e-001
6.911916e+003,1.452144e-001
6.915773e+003,1.471133e-001
6.919630e+003,1.466739e-001
6.923487e+003,1.461898e-001
6.927345e+003,1.468718e-001
6.931202e+003,1.455570e-001
6.935059e+003,1.446745e-001
6.938916e+003,1.437020e-001
6.942773e+003,1.417013e-001
6.946630e+003,1.418276e-001
6.950487e+003,1.437369e-001
6.954344e+003,1.451517e-001
6.958201e+003,1.468398e-001
6.962059e+003,1.471442e-001
6.965916e+003,1.447365e-001
6.969772e+003,1.455330e-001
6.973630e+003,1.459518e-001
6.977487e+003,1.468078e-001
6.981344e+003,1.478285e-001
6.985201e+003,1.453748e-001
6.989058e+003,1.468096e-001
6.992915e+003,1.488008e-001
6.996772e+003,1.460599e-001
7.000629e+003,1.455257e-001
7.004486e+003,1.492909e-001
7.008344e+003,1.490172e-001
7.012201e+003,1.494338e-001
7.016058e+003,1.495040e-001
7.019915e+003,1.493444e-001
7.023772e+003,1.475162e-001
7.027629e+003,1.460471e-001
7.031486e+003,1.446621e-001
7.035343e+003,1.469253e-001
7.039200e+003,1.481435e-001
7.043058e+003,1.499949e-001
7.046915e+003,1.502416e-001
7.050771e+003,1.505806e-001
7.054629e+003,1.488034e-001
7.058486e+003,1.515402e-001
7.062343e+003,1.542104e-001
7.066200e+003,1.535918e-001
7.070057e+003,1.511472e-001
7.073914e+003,1.497779e-001
7.077771e+003,1.514449e-001
7.081628e+003,1.526715e-001
7.085485e+003,1.488912e-001
7.089343e+003,1.462744e-001
7.093200e+003,1.535703e-001
7.097057e+003,1.552783e-001
7.100914e+003,1.494859e-001
7.104771e+003,1.501033e-001
7.108628e+003,1.521414e-001
7.112485e+003,1.552502e-001
7.116342e+003,1.583014e-001
7.120199e+003,1.565893e-001
7.124057e+003,1.511212e-001
7.127914e+003,1.504899e-001
7.131771e+003,1.549868e-001
7.135628e+003,1.547528e-001
7.139485e+003,1.539002e-001
7.143342e+003,1.563549e-001
7.147199e+003,1.560454e-001
7.151056e+003,1.526374e-001
7.154913e+003,1.531588e-001
7.158771e+003,1.569572e-001
7.162627e+003,1.577407e-001
7.166484e+003,1.560012e-001
7.170342e+003,1.547468e-001
7.174199e+003,1.498257e-001
7.178056e+003,1.500858e-001
7.181913e+003,1.556110e-001
7.185770e+003,1.549466e-001
7.189627e+003,1.534589e-001
7.193484e+003,1.517381e-001
7.197341e+003,1.524109e-001
7.201198e+003,1.566174e-001
7.205056e+003,1.579072e-001
7.208913e+003,1.580124e-001
7.212770e+003,1.625024e-001
7.216627e+003,1.614018e-001
7.220484e+003,1.599884e-001
7.224341e+003,1.610439e-001
7.228198e+003,1.591122e-001
7.232055e+003,1.600093e-001
7.235912e+003,1.578917e-001
7.239770e+003,1.518569e-001
7.243626e+003,1.550437e-001
7.247483e+003,1.588158e-001
7.251341e+003,1.584457e-001
7.255198e+003,1.594913e-001
7.259055e+003,1.596874e-001
7.262912e+003,1.541735e-001
7.266769e+003,1.510574e-001
7.270626e+003,1.548944e-001
7.274483e+003,1.634134e-001
7.278340e+003,1.657436e-001
7.282197e+003,1.644824e-001
7.286055e+003,1.622552e-001
7.289912e+003,1.627489e-001
7.293769e+003,1.659525e-001
7.297626e+003,1.620595e-001
7.301483e+003,1.581478e-001
7.305340e+003,1.601389e-001
7.309197e+003,1.571861e-001
7.313054e+003,1.555148e-001
7.316911e+003,1.593920e-001
7.320769e+003,1.634166e-001
7.324625e+003,1.598689e-001
7.328482e+003,1.579188e-001
7.332340e+003,1.581931e-001
7.336197e+003,1.580429e-001
7.340054e+003,1.645800e-001
7.343911e+003,1.679804e-001
7.347768e+003,1.637837e-001
7.351625e+003,1.589501e-001
7.355482e+003,1.591725e-001
7.359339e+003,1.633485e-001
7.363196e+003,1.611291e-001
7.367054e+003,1.580943e-001
7.370911e+003,1.629480e-001
7.374768e+003,1.707921e-001
7.378625e+003,1.682826e-001
7.382482e+003,1.586853e-001
7.386339e+003,1.591811e-001
7.390196e+003,1.597194e-001
7.394053e+003,1.608791e-001
7.397910e+003,1.625152e-001
7.401768e+003,1.661667e-001
7.405625e+003,1.668679e-001
7.409481e+003,1.610515e-001
7.413339e+003,1.582600e-001
7.417196e+003,1.564604e-001
7.421053e+003,1.567651e-001
7.424910e+003,1.620934e-001
7.428767e+003,1.627892e-001
7.432624e+003,1.643247e-001
7.436481e+003,1.680491e-001
7.440338e+003,1.687803e-001
7.444195e+003,1.699001e-001
7.448053e+003,1.693454e-001
7.451910e+003,1.698972e-001
7.455767e+003,1.725426e-001
7.459624e+003,1.740779e-001
7.463481e+003,1.725382e-001
7.467338e+003,1.731203e-001
7.471195e+003,1.734525e-001
7.475052e+003,1.652374e-001
7.478909e+003,1.635642e-001
7.482767e+003,1.632802e-001
7.486624e+003,1.672939e-001
7.490480e+003,1.746143e-001
7.494338e+003,1.791000e-001
7.498195e+003,1.799985e-001
7.502052e+003,1.731183e-001
7.505909e+003,1.729043e-001
7.509766e+003,1.747110e-001
7.513623e+003,1.719843e-001
7.517480e+003,1.704921e-001
7.521337e+003,1.754975e-001
7.525194e+003,1.783413e-001
7.529051e+003,1.719867e-001
7.532909e+003,1.744805e-001
7.536766e+003,1.794643e-001
7.540623e+003,1.736925e-001
7.544480e+003,1.677178e-001
7.548337e+003,1.723684e-001
7.552194e+003,1.825627e-001
7.556051e+003,1.736305e-001
7.559908e+003,1.678558e-001
7.563765e+003,1.736135e-001
7.567623e+003,1.723540e-001
7.571479e+003,1.740303e-001
7.575336e+003,1.793389e-001
7.579194e+003,1.832793e-001
7.583051e+003,1.770418e-001
7.586908e+003,1.713483e-001
7.590765e+003,1.721618e-001
7.594622e+003,1.706286e-001
7.598479e+003,1.743693e-001
7.602336e+003,1.822378e-001
7.606193e+003,1.866418e-001
7.610050e+003,1.806326e-001
7.613908e+003,1.722898e-001
7.617765e+003,1.654190e-001
7.621622e+003,1.620627e-001
7.625479e+003,1.682419e-001
7.629336e+003,1.699177e-001
7.633193e+003,1.682085e-001
7.637050e+003,1.759674e-001
7.640907e+003,1.814332e-001
7.644764e+003,1.727622e-001
7.648622e+003,1.667771e-001
7.652479e+003,1.723746e-001
7.656335e+003,1.846523e-001
7.660193e+003,1.837529e-001
7.664050e+003,1.862148e-001
7.667907e+003,1.881089e-001
7.671764e+003,1.896618e-001
7.675621e+003,1.860407e-001
7.679478e+003,1.831209e-001
7.683335e+003,1.853306e-001
7.687192e+003,1.877032e-001
7.691049e+003,1.896549e-001
7.694907e+003,1.828455e-001
7.698764e+003,1.798335e-001
7.702621e+003,1.839373e-001
7.706478e+003,1.848395e-001
7.710335e+003,1.757476e-001
7.714192e+003,1.822433e-001
7.718049e+003,1.963679e-001
7.721906e+003,1.892892e-001
7.725763e+003,1.817175e-001
7.729621e+003,1.779617e-001
7.733478e+003,1.779675e-001
7.737334e+003,1.879285e-001
7.741192e+003,1.914306e-001
7.745049e+003,1.898253e-001
7.748906e+003,1.836154e-001
7.752763e+003,1.749059e-001
7.756620e+003,1.750612e-001
7.760477e+003,1.845885e-001
7.764334e+003,1.852523e-001
7.768191e+003,1.859498e-001
7.772048e+003,1.918550e-001
7.775906e+003,1.805003e-001
7.779763e+003,1.815014e-001
7.783620e+003,1.882851e-001
7.787477e+003,1.779440e-001
7.791334e+003,1.738642e-001
7.795191e+003,1.839554e-001
7.799048e+003,1.888446e-001
7.802905e+003,1.840014e-001
7.806762e+003,1.790328e-001
7.810620e+003,1.675157e-001
7.814477e+003,1.713523e-001
7.818333e+003,1.838149e-001
7.822191e+003,1.959755e-001
7.826048e+003,2.033839e-001
7.829905e+003,2.011973e-001
7.833762e+003,1.973389e-001
7.837619e+003,1.954754e-001
7.841476e+003,1.950282e-001
7.845333e+003,1.983479e-001
7.849190e+003,1.984735e-001
7.853047e+003,1.963615e-001
7.856905e+003,1.956034e-001
7.860762e+003,1.993452e-001
7.864619e+003,2.015843e-001
7.868476e+003,2.038048e-001
7.872333e+003,1.968163e-001
7.876190e+003,1.858811e-001
7.880047e+003,1.918052e-001
7.883904e+003,2.003199e-001
7.887761e+003,1.904942e-001
7.891619e+003,1.844249e-001
7.895476e+003,1.861394e-001
7.899333e+003,1.949774e-001
7.903190e+003,2.068975e-001
7.907047e+003,2.012231e-001
7.910904e+003,1.969258e-001
7.914761e+003,1.981508e-001
7.918618e+003,1.995344e-001
7.922475e+003,2.028577e-001
7.926333e+003,1.921563e-001
7.930189e+003,1.698497e-001
7.934046e+003,1.692185e-001
7.937904e+003,1.973444e-001
7.941761e+003,2.084941e-001
7.945618e+003,1.972220e-001
7.949475e+003,1.954438e-001
7.953332e+003,1.979243e-001
7.957189e+003,1.910934e-001
7.961046e+003,1.841936e-001
7.964903e+003,1.881247e-001
7.968760e+003,1.982637e-001
7.972618e+003,2.009158e-001
7.976475e+003,1.942042e-001
7.980332e+003,1.906313e-001
7.984189e+003,1.930906e-001
7.988046e+003,2.031577e-001
7.991903e+003,2.060824e-001
7.995760e+003,2.093175e-001
7.999617e+003,2.040292e-001
