4.011380e+002,6.000000e+000
4.049951e+002,6.000000e+000
4.088522e+002,6.996393e-001
4.127093e+002,5.024710e-001
4.165664e+002,1.722820e+000
4.204235e+002,6.000000e+000
4.242806e+002,6.000000e+000
4.281377e+002,6.000000e+000
4.319948e+002,6.000000e+000
4.358519e+002,1.746699e-001
4.397090e+002,9.378536e-001
4.435660e+002,1.693287e+000
4.474232e+002,6.000000e+000
4.512802e+002,6.000000e+000
4.551373e+002,6.000000e+000
4.589944e+002,6.000000e+000
4.628515e+002,4.124624e-001
4.667086e+002,9.382565e-002
4.705657e+002,6.542724e-002
4.744228e+002,6.000000e+000
4.782799e+002,6.000000e+000
4.821370e+002,3.975844e-001
4.859941e+002,5.449041e-001
4.898512e+002,1.075062e+000
4.937083e+002,6.000000e+000
4.975654e+002,6.000000e+000
5.014225e+002,6.000000e+000
5.052796e+002,6.189479e-001
5.091367e+002,6.000000e+000
5.129938e+002,6.000000e+000
5.168509e+002,6.000000e+000
5.207080e+002,6.000000e+000
5.245651e+002,6.000000e+000
5.284222e+002,1.097704e+000
5.322793e+002,5.391101e-001
5.361364e+002,6.055903e-001
5.399935e+002,4.485551e-001
5.438506e+002,3.707757e-001
5.477076e+002,4.330122e-001
5.515648e+002,8.656973e-001
5.554219e+002,1.193009e+000
5.592789e+002,6.000000e+000
5.631360e+002,6.000000e+000
5.669932e+002,1.541690e+000
5.708502e+002,4.656099e-001
5.747073e+002,8.114827e-001
5.785644e+002,6.000000e+000
5.824215e+002,2.871786e-001
5.862786e+002,2.881024e-001
5.901357e+002,6.000000e+000
5.939928e+002,1.900589e+000
5.978499e+002,4.213834e-001
6.017070e+002,6.000000e+000
6.055641e+002,6.000000e+000
6.094212e+002,4.769741e-001
6.132783e+002,5.806751e-001
6.171354e+002,5.168172e-001
6.209925e+002,6.840376e-001
6.248495e+002,6.000000e+000
6.287067e+002,6.000000e+000
6.325637e+002,6.000000e+000
6.364208e+002,6.000000e+000
6.402780e+002,1.294342e+000
6.441350e+002,4.162877e-001
6.479921e+002,3.447114e-001
6.518492e+002,3.572400e-001
6.557063e+002,3.887948e-001
6.595634e+002,6.000000e+000
6.634205e+002,6.000000e+000
6.672776e+002,6.000000e+000
6.711347e+002,6.000000e+000
6.749918e+002,6.000000e+000
6.788489e+002,-3.468717e-001
6.827060e+002,6.000000e+000
6.865631e+002,-7.843593e-001
6.904202e+002,-3.555832e-002
6.942773e+002,3.746719e-001
6.981344e+002,-6.707374e-001
7.019915e+002,6.000000e+000
7.058486e+002,6.000000e+000
7.097057e+002,2.645260e-002
7.135627e+002,6.000000e+000
7.174199e+002,6.000000e+000
7.212770e+002,5.502803e-001
7.251340e+002,6.000000e+000
7.289911e+002,3.303960e-001
7.328483e+002,-2.294089e-001
7.367053e+002,6.000000e+000
7.405624e+002,9.210860e-001
7.444196e+002,6.000000e+000
7.482766e+002,6.000000e+000
7.521337e+002,6.000000e+000
7.559908e+002,7.422759e-002
7.598479e+002,6.000000e+000
7.637050e+002,6.000000e+000
7.675621e+002,6.000000e+000
7.714192e+002,-3.052850e-001
7.752763e+002,6.000000e+000
7.791334e+002,6.000000e+000
7.829905e+002,2.654817e-001
7.868476e+002,6.000000e+000
7.907047e+002,-2.301140e-001
7.945618e+002,2.945054e-001
7.984189e+002,4.695408e-001
8.022760e+002,1.184925e+000
8.061331e+002,6.000000e+000
8.099902e+002,9.657980e-001
8.138473e+002,1.205395e+000
8.177043e+002,6.000000e+000
8.215615e+002,1.911834e+000
8.254186e+002,6.000000e+000
8.292756e+002,6.000000e+000
8.331328e+002,2.487823e+000
8.369899e+002,1.505828e+000
8.408469e+002,1.246550e+000
8.447040e+002,2.145221e+000
8.485612e+002,1.863799e+000
8.524182e+002,1.230483e+000
8.562753e+002,1.588186e+000
8.601324e+002,6.000000e+000
8.639895e+002,2.769833e+000
8.678466e+002,1.567024e+000
8.717037e+002,1.483778e+000
8.755608e+002,1.635613e+000
8.794179e+002,1.887584e+000
8.832750e+002,1.989750e+000
8.871321e+002,1.716745e+000
8.909892e+002,1.657386e+000
8.948463e+002,1.626050e+000
8.987034e+002,1.903355e+000
9.025605e+002,6.000000e+000
9.064176e+002,6.000000e+000
9.102747e+002,2.435833e+000
9.141318e+002,2.409395e+000
9.179888e+002,6.000000e+000
9.218459e+002,6.000000e+000
9.257031e+002,3.424461e+000
9.295601e+002,6.000000e+000
9.334172e+002,6.000000e+000
9.372744e+002,6.000000e+000
9.411314e+002,6.000000e+000
9.449885e+002,2.870705e+000
9.488456e+002,2.847351e+000
9.527027e+002,2.841445e+000
9.565598e+002,2.552931e+000
9.604169e+002,2.533105e+000
9.642740e+002,2.896016e+000
9.681311e+002,2.840397e+000
9.719882e+002,2.783661e+000
9.758453e+002,2.976248e+000
9.797024e+002,2.684369e+000
9.835595e+002,2.714199e+000
9.874166e+002,2.667964e+000
9.912737e+002,3.000873e+000
9.951308e+002,3.745884e+000
9.989879e+002,6.000000e+000
1.002845e+003,2.854541e+000
1.006702e+003,2.814460e+000
1.010559e+003,3.308349e+000
1.014416e+003,2.820992e+000
1.018273e+003,2.484580e+000
1.022130e+003,2.447894e+000
1.025988e+003,2.773190e+000
1.029845e+003,2.433914e+000
1.033702e+003,2.262404e+000
1.037559e+003,2.227250e+000
1.041416e+003,2.260726e+000
1.045273e+003,2.269930e+000
1.049130e+003,2.353022e+000
1.052987e+003,2.323076e+000
1.056844e+003,2.155274e+000
1.060701e+003,2.157002e+000
1.064559e+003,2.185820e+000
1.068416e+003,2.192345e+000
1.072273e+003,2.184450e+000
1.076130e+003,2.055521e+000
1.079987e+003,2.040416e+000
1.083844e+003,2.105084e+000
1.087701e+003,2.095342e+000
1.091558e+003,2.063743e+000
1.095415e+003,2.097509e+000
1.099272e+003,2.079340e+000
1.103129e+003,2.068928e+000
1.106987e+003,2.025678e+000
1.110844e+003,1.964887e+000
1.114701e+003,1.962068e+000
1.118558e+003,1.936388e+000
1.122415e+003,1.934011e+000
1.126272e+003,1.899858e+000
1.130129e+003,1.932346e+000
1.133986e+003,1.951483e+000
1.137843e+003,1.901602e+000
1.141700e+003,1.888743e+000
1.145557e+003,1.872289e+000
1.149415e+003,1.863871e+000
1.153272e+003,1.880853e+000
1.157129e+003,1.831250e+000
1.160986e+003,1.833338e+000
1.164843e+003,1.848250e+000
1.168700e+003,1.815474e+000
1.172557e+003,1.791943e+000
1.176414e+003,1.796402e+000
1.180271e+003,1.833595e+000
1.184128e+003,1.830679e+000
1.187986e+003,1.798338e+000
1.191843e+003,1.802633e+000
1.195700e+003,1.809235e+000
1.199557e+003,1.774570e+000
1.203414e+003,1.747004e+000
1.207271e+003,1.733048e+000
1.211128e+003,1.676124e+000
1.214985e+003,1.603431e+000
1.218842e+003,1.503976e+000
1.222699e+003,1.384455e+000
1.226557e+003,1.279085e+000
1.230414e+003,1.181650e+000
1.234271e+003,1.095979e+000
1.238128e+003,1.024968e+000
1.241985e+003,9.694454e-001
1.245842e+003,9.222201e-001
1.249699e+003,8.783756e-001
1.253556e+003,8.387400e-001
1.257413e+003,8.016024e-001
1.261270e+003,7.716184e-001
1.265127e+003,7.469957e-001
1.268985e+003,7.232130e-001
1.272842e+003,7.016913e-001
1.276699e+003,6.817330e-001
1.280556e+003,6.637273e-001
1.284413e+003,6.484694e-001
1.288270e+003,6.359043e-001
1.292127e+003,6.230493e-001
1.295984e+003,6.102976e-001
1.299841e+003,5.978472e-001
1.303698e+003,5.859002e-001
1.307556e+003,5.781185e-001
1.311413e+003,5.734618e-001
1.315270e+003,5.674032e-001
1.319127e+003,5.601810e-001
1.322984e+003,5.552043e-001
1.326841e+003,5.505389e-001
1.330698e+003,5.461013e-001
1.334555e+003,5.424083e-001
1.338412e+003,5.382904e-001
1.342269e+003,5.362232e-001
1.346126e+003,5.377959e-001
1.349984e+003,5.408556e-001
1.353841e+003,5.459512e-001
1.357698e+003,5.517339e-001
1.361555e+003,5.574118e-001
1.365412e+003,5.661535e-001
1.369269e+003,5.772445e-001
1.373126e+003,5.879768e-001
1.376983e+003,5.997376e-001
1.380840e+003,6.135983e-001
1.384698e+003,6.312072e-001
1.388555e+003,6.495385e-001
1.392412e+003,6.691960e-001
1.396269e+003,6.914172e-001
1.400126e+003,7.131175e-001
1.403983e+003,7.359048e-001
1.407840e+003,7.569144e-001
1.411697e+003,7.776431e-001
1.415554e+003,7.975646e-001
1.419411e+003,8.146607e-001
1.423268e+003,8.308295e-001
1.427125e+003,8.433273e-001
1.430983e+003,8.504850e-001
1.434840e+003,8.528714e-001
1.438697e+003,8.494994e-001
1.442554e+003,8.425202e-001
1.446411e+003,8.347605e-001
1.450268e+003,8.245547e-001
1.454125e+003,8.105353e-001
1.457982e+003,7.942654e-001
1.461839e+003,7.812899e-001
1.465697e+003,7.739039e-001
1.469553e+003,7.703719e-001
1.473411e+003,7.714974e-001
1.477268e+003,7.752523e-001
1.481125e+003,7.859768e-001
1.484982e+003,7.997037e-001
1.488839e+003,8.143829e-001
1.492696e+003,8.323965e-001
1.496553e+003,8.504515e-001
1.500410e+003,8.644919e-001
1.504267e+003,8.727593e-001
1.508125e+003,8.754070e-001
1.511982e+003,8.781942e-001
1.515839e+003,8.757346e-001
1.519696e+003,8.632824e-001
1.523553e+003,8.499705e-001
1.527410e+003,8.366567e-001
1.531267e+003,8.215108e-001
1.535124e+003,8.070903e-001
1.538981e+003,7.903070e-001
1.542838e+003,7.689420e-001
1.546696e+003,7.484282e-001
1.550552e+003,7.290829e-001
1.554410e+003,7.100927e-001
1.558267e+003,6.922345e-001
1.562124e+003,6.782464e-001
1.565981e+003,6.659881e-001
1.569838e+003,6.547090e-001
1.573695e+003,6.456991e-001
1.577552e+003,6.412784e-001
1.581409e+003,6.384159e-001
1.585266e+003,6.382883e-001
1.589124e+003,6.419162e-001
1.592981e+003,6.510348e-001
1.596838e+003,6.645747e-001
1.600695e+003,6.808513e-001
1.604552e+003,7.023258e-001
1.608409e+003,7.292321e-001
1.612266e+003,7.595502e-001
1.616123e+003,7.941968e-001
1.619980e+003,8.315809e-001
1.623837e+003,8.642544e-001
1.627695e+003,8.894361e-001
1.631552e+003,9.086018e-001
1.635409e+003,9.198276e-001
1.639266e+003,9.197084e-001
1.643123e+003,9.106012e-001
1.646980e+003,8.943630e-001
1.650837e+003,8.719462e-001
1.654694e+003,8.459800e-001
1.658551e+003,8.181224e-001
1.662408e+003,7.873608e-001
1.666265e+003,7.580661e-001
1.670123e+003,7.281361e-001
1.673980e+003,6.993868e-001
1.677837e+003,6.733629e-001
1.681694e+003,6.482691e-001
1.685551e+003,6.230730e-001
1.689408e+003,6.007465e-001
1.693265e+003,5.842834e-001
1.697122e+003,5.708207e-001
1.700979e+003,5.565792e-001
1.704836e+003,5.438449e-001
1.708694e+003,5.345555e-001
1.712551e+003,5.274341e-001
1.716408e+003,5.202723e-001
1.720265e+003,5.135739e-001
1.724122e+003,5.100587e-001
1.727979e+003,5.088000e-001
1.731836e+003,5.060469e-001
1.735693e+003,5.032151e-001
1.739550e+003,5.004658e-001
1.743407e+003,4.975552e-001
1.747264e+003,4.948531e-001
1.751122e+003,4.926344e-001
1.754979e+003,4.895213e-001
1.758836e+003,4.884069e-001
1.762693e+003,4.875774e-001
1.766550e+003,4.851469e-001
1.770407e+003,4.825848e-001
1.774264e+003,4.807003e-001
1.778121e+003,4.803540e-001
1.781978e+003,4.801656e-001
1.785835e+003,4.785041e-001
1.789693e+003,4.776188e-001
1.793550e+003,4.775437e-001
1.797407e+003,4.755585e-001
1.801264e+003,4.738713e-001
1.805121e+003,4.730512e-001
1.808978e+003,4.716281e-001
1.812835e+003,4.706836e-001
1.816692e+003,4.687130e-001
1.820549e+003,4.655398e-001
1.824406e+003,4.631805e-001
1.828263e+003,4.617913e-001
1.832121e+003,4.604835e-001
1.835978e+003,4.583032e-001
1.839835e+003,4.562297e-001
1.843692e+003,4.545178e-001
1.847549e+003,4.547775e-001
1.851406e+003,4.546924e-001
1.855263e+003,4.529177e-001
1.859120e+003,4.518773e-001
1.862977e+003,4.515615e-001
1.866834e+003,4.508666e-001
1.870692e+003,4.502974e-001
1.874549e+003,4.499221e-001
1.878406e+003,4.480101e-001
1.882263e+003,4.455414e-001
1.886120e+003,4.438010e-001
1.889977e+003,4.428343e-001
1.893834e+003,4.403892e-001
1.897691e+003,4.379617e-001
1.901548e+003,4.369243e-001
1.905406e+003,4.356806e-001
1.909262e+003,4.335990e-001
1.913120e+003,4.315962e-001
1.916977e+003,4.307842e-001
1.920834e+003,4.311401e-001
1.924691e+003,4.311306e-001
1.928548e+003,4.301462e-001
1.932405e+003,4.290876e-001
1.936262e+003,4.284069e-001
1.940119e+003,4.275123e-001
1.943976e+003,4.267592e-001
1.947833e+003,4.247128e-001
1.951691e+003,4.222205e-001
1.955548e+003,4.198571e-001
1.959405e+003,4.164779e-001
1.963262e+003,4.140115e-001
1.967119e+003,4.125631e-001
1.970976e+003,4.102213e-001
1.974833e+003,4.082616e-001
1.978690e+003,4.070574e-001
1.982547e+003,4.067636e-001
1.986405e+003,4.067484e-001
1.990261e+003,4.069653e-001
1.994119e+003,4.067682e-001
1.997976e+003,4.053128e-001
2.001833e+003,4.043366e-001
2.005690e+003,4.040407e-001
2.009547e+003,4.035940e-001
2.013404e+003,4.024292e-001
2.017261e+003,4.008322e-001
2.021118e+003,3.993123e-001
2.024975e+003,3.987533e-001
2.028833e+003,3.973176e-001
2.032690e+003,3.951971e-001
2.036547e+003,3.934689e-001
2.040404e+003,3.924356e-001
2.044261e+003,3.912045e-001
2.048118e+003,3.906277e-001
2.051975e+003,3.903166e-001
2.055832e+003,3.892062e-001
2.059689e+003,3.893768e-001
2.063546e+003,3.902228e-001
2.067404e+003,3.898814e-001
2.071260e+003,3.887646e-001
2.075118e+003,3.878916e-001
2.078975e+003,3.872944e-001
2.082832e+003,3.864470e-001
2.086689e+003,3.849731e-001
2.090546e+003,3.839848e-001
2.094403e+003,3.836704e-001
2.098260e+003,3.833647e-001
2.102117e+003,3.817908e-001
2.105974e+003,3.811255e-001
2.109832e+003,3.809645e-001
2.113689e+003,3.805344e-001
2.117546e+003,3.799940e-001
2.121403e+003,3.798279e-001
2.125260e+003,3.798248e-001
2.129117e+003,3.804328e-001
2.132974e+003,3.820228e-001
2.136831e+003,3.823978e-001
2.140688e+003,3.819351e-001
2.144545e+003,3.822982e-001
2.148403e+003,3.819638e-001
2.152260e+003,3.818017e-001
2.156117e+003,3.818251e-001
2.159974e+003,3.815219e-001
2.163831e+003,3.818620e-001
2.167688e+003,3.815265e-001
2.171545e+003,3.809830e-001
2.175402e+003,3.810067e-001
2.179259e+003,3.815888e-001
2.183116e+003,3.817884e-001
2.186973e+003,3.815266e-001
2.190831e+003,3.827913e-001
2.194688e+003,3.841397e-001
2.198545e+003,3.850497e-001
2.202402e+003,3.858720e-001
2.206259e+003,3.869519e-001
2.210116e+003,3.883705e-001
2.213973e+003,3.887204e-001
2.217830e+003,3.891148e-001
2.221687e+003,3.902556e-001
2.225544e+003,3.914960e-001
2.229401e+003,3.910677e-001
2.233259e+003,3.902948e-001
2.237116e+003,3.901030e-001
2.240973e+003,3.911674e-001
2.244830e+003,3.926224e-001
2.248687e+003,3.930157e-001
2.252544e+003,3.931008e-001
2.256401e+003,3.943633e-001
2.260258e+003,3.953577e-001
2.264115e+003,3.960672e-001
2.267972e+003,3.968613e-001
2.271830e+003,3.975315e-001
2.275687e+003,3.991741e-001
2.279544e+003,4.009918e-001
2.283401e+003,4.020298e-001
2.287258e+003,4.025989e-001
2.291115e+003,4.026724e-001
2.294972e+003,4.015715e-001
2.298829e+003,4.016620e-001
2.302686e+003,4.021765e-001
2.306543e+003,4.024226e-001
2.310400e+003,4.021128e-001
2.314258e+003,4.017885e-001
2.318115e+003,4.010970e-001
2.321972e+003,4.004290e-001
2.325829e+003,3.995735e-001
2.329686e+003,3.985176e-001
2.333543e+003,3.982813e-001
2.337400e+003,3.996114e-001
2.341257e+003,4.012238e-001
2.345114e+003,4.031709e-001
2.348971e+003,4.049449e-001
2.352829e+003,4.038191e-001
2.356686e+003,4.018486e-001
2.360543e+003,4.013512e-001
2.364400e+003,4.012083e-001
2.368257e+003,4.003982e-001
2.372114e+003,4.001009e-001
2.375971e+003,4.031306e-001
2.379828e+003,4.057999e-001
2.383685e+003,4.061352e-001
2.387542e+003,4.056760e-001
2.391399e+003,4.041720e-001
2.395257e+003,4.038793e-001
2.399114e+003,4.049526e-001
2.402971e+003,4.048289e-001
2.406828e+003,4.042056e-001
2.410685e+003,4.038164e-001
2.414542e+003,4.030012e-001
2.418399e+003,4.022509e-001
2.422256e+003,4.019097e-001
2.426113e+003,4.012482e-001
2.429970e+003,4.005502e-001
2.433828e+003,3.993765e-001
2.437685e+003,3.979808e-001
2.441542e+003,3.973279e-001
2.445399e+003,3.970319e-001
2.449256e+003,3.955952e-001
2.453113e+003,3.944840e-001
2.456970e+003,3.943405e-001
2.460827e+003,3.939784e-001
2.464684e+003,3.922163e-001
2.468541e+003,3.910826e-001
2.472398e+003,3.917425e-001
2.476256e+003,3.927619e-001
2.480113e+003,3.928173e-001
2.483970e+003,3.924985e-001
2.487827e+003,3.920271e-001
2.491684e+003,3.914619e-001
2.495541e+003,3.918835e-001
2.499398e+003,3.929767e-001
2.503255e+003,3.940691e-001
2.507112e+003,3.937457e-001
2.510969e+003,3.926806e-001
2.514826e+003,3.921541e-001
2.518684e+003,3.920126e-001
2.522541e+003,3.915206e-001
2.526398e+003,3.920733e-001
2.530255e+003,3.921019e-001
2.534112e+003,3.916757e-001
2.537969e+003,3.931713e-001
2.541826e+003,3.942409e-001
2.545683e+003,3.944411e-001
2.549540e+003,3.957434e-001
2.553397e+003,3.975394e-001
2.557255e+003,3.997665e-001
2.561112e+003,4.022319e-001
2.564969e+003,4.041702e-001
2.568826e+003,4.056514e-001
2.572683e+003,4.071004e-001
2.576540e+003,4.089688e-001
2.580397e+003,4.112466e-001
2.584254e+003,4.129766e-001
2.588111e+003,4.139085e-001
2.591969e+003,4.161969e-001
2.595825e+003,4.182684e-001
2.599683e+003,4.187342e-001
2.603540e+003,4.196565e-001
2.607397e+003,4.219802e-001
2.611254e+003,4.242308e-001
2.615111e+003,4.270415e-001
2.618968e+003,4.302592e-001
2.622825e+003,4.327150e-001
2.626682e+003,4.356037e-001
2.630539e+003,4.388921e-001
2.634396e+003,4.415445e-001
2.638254e+003,4.440471e-001
2.642111e+003,4.468960e-001
2.645968e+003,4.503704e-001
2.649825e+003,4.533659e-001
2.653682e+003,4.561801e-001
2.657539e+003,4.587476e-001
2.661396e+003,4.612702e-001
2.665253e+003,4.630409e-001
2.669110e+003,4.661077e-001
2.672968e+003,4.705398e-001
2.676824e+003,4.739640e-001
2.680682e+003,4.774327e-001
2.684539e+003,4.814773e-001
2.688396e+003,4.844835e-001
2.692253e+003,4.865809e-001
2.696110e+003,4.901007e-001
2.699967e+003,4.940372e-001
2.703824e+003,4.983821e-001
2.707681e+003,5.032414e-001
2.711538e+003,5.069532e-001
2.715396e+003,5.109279e-001
2.719253e+003,5.157473e-001
2.723110e+003,5.194038e-001
2.726967e+003,5.229143e-001
2.730824e+003,5.264334e-001
2.734681e+003,5.314280e-001
2.738538e+003,5.358620e-001
2.742395e+003,5.398623e-001
2.746252e+003,5.427594e-001
2.750109e+003,5.466594e-001
2.753967e+003,5.508638e-001
2.757823e+003,5.550283e-001
2.761681e+003,5.602497e-001
2.765538e+003,5.654673e-001
2.769395e+003,5.713076e-001
2.773252e+003,5.753934e-001
2.777109e+003,5.783192e-001
2.780966e+003,5.832022e-001
2.784823e+003,5.881675e-001
2.788680e+003,5.930991e-001
2.792537e+003,5.983627e-001
2.796395e+003,6.024858e-001
2.800252e+003,6.070203e-001
2.804109e+003,6.126285e-001
2.807966e+003,6.176055e-001
2.811823e+003,6.222666e-001
2.815680e+003,6.263260e-001
2.819537e+003,6.298543e-001
2.823394e+003,6.342000e-001
2.827251e+003,6.406426e-001
2.831108e+003,6.461273e-001
2.834966e+003,6.521937e-001
2.838823e+003,6.579091e-001
2.842680e+003,6.619205e-001
2.846537e+003,6.686292e-001
2.850394e+003,6.761675e-001
2.854251e+003,6.803932e-001
2.858108e+003,6.847968e-001
2.861965e+003,6.897708e-001
2.865822e+003,6.943170e-001
2.869679e+003,7.020746e-001
2.873536e+003,7.101405e-001
2.877394e+003,7.143034e-001
2.881251e+003,7.180938e-001
2.885108e+003,7.223967e-001
2.888965e+003,7.288412e-001
2.892822e+003,7.369399e-001
2.896679e+003,7.427221e-001
2.900536e+003,7.488671e-001
2.904393e+003,7.551277e-001
2.908250e+003,7.606173e-001
2.912107e+003,7.678286e-001
2.915965e+003,7.762620e-001
2.919822e+003,7.837262e-001
2.923679e+003,7.889811e-001
2.927536e+003,7.953836e-001
2.931393e+003,8.021474e-001
2.935250e+003,8.083618e-001
2.939107e+003,8.128692e-001
2.942964e+003,8.164475e-001
2.946821e+003,8.234851e-001
2.950678e+003,8.324734e-001
2.954535e+003,8.391833e-001
2.958393e+003,8.455969e-001
2.962250e+003,8.515158e-001
2.966107e+003,8.582207e-001
2.969964e+003,8.653563e-001
2.973821e+003,8.716519e-001
2.977678e+003,8.793803e-001
2.981535e+003,8.861839e-001
2.985392e+003,8.901973e-001
2.989249e+003,8.983882e-001
2.993106e+003,9.060472e-001
2.996964e+003,9.135639e-001
3.000821e+003,9.235964e-001
3.004678e+003,9.313787e-001
3.008535e+003,9.380293e-001
3.012392e+003,9.458010e-001
3.016249e+003,9.482651e-001
3.020106e+003,9.531241e-001
3.023963e+003,9.634077e-001
3.027820e+003,9.739329e-001
3.031677e+003,9.804907e-001
3.035534e+003,9.841989e-001
3.039392e+003,9.900783e-001
3.043249e+003,1.001705e+000
3.047106e+003,1.010638e+000
3.050963e+003,1.019033e+000
3.054820e+003,1.029036e+000
3.058677e+003,1.034192e+000
3.062534e+003,1.041334e+000
3.066391e+003,1.047259e+000
3.070248e+003,1.057255e+000
3.074105e+003,1.067029e+000
3.077963e+003,1.074344e+000
3.081820e+003,1.081702e+000
3.085677e+003,1.091428e+000
3.089534e+003,1.098412e+000
3.093391e+003,1.100941e+000
3.097248e+003,1.110219e+000
3.101105e+003,1.122538e+000
3.104962e+003,1.128806e+000
3.108819e+003,1.138701e+000
3.112677e+003,1.155078e+000
3.116533e+003,1.162126e+000
3.120391e+003,1.168525e+000
3.124248e+003,1.177205e+000
3.128105e+003,1.183870e+000
3.131962e+003,1.195031e+000
3.135819e+003,1.207937e+000
3.139676e+003,1.212888e+000
3.143533e+003,1.224964e+000
3.147390e+003,1.234927e+000
3.151247e+003,1.239514e+000
3.155104e+003,1.244267e+000
3.158962e+003,1.256970e+000
3.162819e+003,1.267298e+000
3.166676e+003,1.278848e+000
3.170533e+003,1.283259e+000
3.174390e+003,1.291074e+000
3.178247e+003,1.306695e+000
3.182104e+003,1.310469e+000
3.185961e+003,1.313775e+000
3.189818e+003,1.322321e+000
3.193675e+003,1.330561e+000
3.197532e+003,1.347814e+000
3.201390e+003,1.354775e+000
3.205247e+003,1.356772e+000
3.209104e+003,1.366462e+000
3.212961e+003,1.374717e+000
3.216818e+003,1.381028e+000
3.220675e+003,1.390208e+000
3.224532e+003,1.407960e+000
3.228389e+003,1.423977e+000
3.232246e+003,1.431831e+000
3.236104e+003,1.430423e+000
3.239960e+003,1.423564e+000
3.243818e+003,1.433666e+000
3.247675e+003,1.459521e+000
3.251532e+003,1.463273e+000
3.255389e+003,1.451784e+000
3.259246e+003,1.454451e+000
3.263103e+003,1.466613e+000
3.266960e+003,1.480691e+000
3.270817e+003,1.482848e+000
3.274674e+003,1.484562e+000
3.278531e+003,1.498764e+000
3.282389e+003,1.516300e+000
3.286246e+003,1.525199e+000
3.290103e+003,1.511878e+000
3.293960e+003,1.508832e+000
3.297817e+003,1.516214e+000
3.301674e+003,1.526278e+000
3.305531e+003,1.543203e+000
3.309388e+003,1.558495e+000
3.313245e+003,1.567319e+000
3.317103e+003,1.552397e+000
3.320959e+003,1.547346e+000
3.324817e+003,1.568819e+000
3.328674e+003,1.593028e+000
3.332531e+003,1.614027e+000
3.336388e+003,1.606434e+000
3.340245e+003,1.602236e+000
3.344102e+003,1.611708e+000
3.347959e+003,1.627195e+000
3.351816e+003,1.632278e+000
3.355673e+003,1.628015e+000
3.359531e+003,1.633172e+000
3.363388e+003,1.647377e+000
3.367245e+003,1.656593e+000
3.371102e+003,1.673560e+000
3.374959e+003,1.673941e+000
3.378816e+003,1.660880e+000
3.382673e+003,1.675037e+000
3.386530e+003,1.702614e+000
3.390387e+003,1.704472e+000
3.394244e+003,1.702396e+000
3.398102e+003,1.687004e+000
3.401958e+003,1.678989e+000
3.405816e+003,1.686190e+000
3.409673e+003,1.698398e+000
3.413530e+003,1.713154e+000
3.417387e+003,1.707923e+000
3.421244e+003,1.707537e+000
3.425101e+003,1.725871e+000
3.428958e+003,1.728787e+000
3.432815e+003,1.735834e+000
3.436672e+003,1.752360e+000
3.440530e+003,1.741873e+000
3.444387e+003,1.725288e+000
3.448244e+003,1.743452e+000
3.452101e+003,1.757845e+000
3.455958e+003,1.749405e+000
3.459815e+003,1.764913e+000
3.463672e+003,1.794341e+000
3.467529e+003,1.796705e+000
3.471386e+003,1.779353e+000
3.475243e+003,1.789038e+000
3.479101e+003,1.785475e+000
3.482958e+003,1.768417e+000
3.486815e+003,1.774426e+000
3.490672e+003,1.785621e+000
3.494529e+003,1.807645e+000
3.498386e+003,1.840071e+000
3.502243e+003,1.821490e+000
3.506100e+003,1.798120e+000
3.509957e+003,1.793151e+000
3.513814e+003,1.808873e+000
3.517671e+003,1.820497e+000
3.521529e+003,1.808577e+000
3.525386e+003,1.829204e+000
3.529243e+003,1.843266e+000
3.533100e+003,1.814608e+000
3.536957e+003,1.783298e+000
3.540814e+003,1.765466e+000
3.544671e+003,1.764820e+000
3.548528e+003,1.759757e+000
3.552385e+003,1.758614e+000
3.556242e+003,1.756159e+000
3.560100e+003,1.748971e+000
3.563957e+003,1.738949e+000
3.567814e+003,1.731538e+000
3.571671e+003,1.743346e+000
3.575528e+003,1.735164e+000
3.579385e+003,1.697911e+000
3.583242e+003,1.667762e+000
3.587099e+003,1.640163e+000
3.590956e+003,1.598869e+000
3.594813e+003,1.564997e+000
3.598670e+003,1.546509e+000
3.602528e+003,1.515553e+000
3.606385e+003,1.461737e+000
3.610242e+003,1.393949e+000
3.614099e+003,1.333468e+000
3.617956e+003,1.273502e+000
3.621813e+003,1.213222e+000
3.625670e+003,1.152007e+000
3.629527e+003,1.076301e+000
3.633384e+003,1.002434e+000
3.637241e+003,9.329526e-001
3.641099e+003,8.629310e-001
3.644956e+003,7.954084e-001
3.648813e+003,7.292516e-001
3.652670e+003,6.675684e-001
3.656527e+003,6.108533e-001
3.660384e+003,5.580132e-001
3.664241e+003,5.098125e-001
3.668098e+003,4.677848e-001
3.671955e+003,4.312774e-001
3.675813e+003,3.981197e-001
3.679669e+003,3.691569e-001
3.683527e+003,3.438022e-001
3.687384e+003,3.225451e-001
3.691241e+003,3.043241e-001
3.695098e+003,2.886099e-001
3.698955e+003,2.748530e-001
3.702812e+003,2.631801e-001
3.706669e+003,2.533507e-001
3.710526e+003,2.431966e-001
3.714383e+003,2.346715e-001
3.718240e+003,2.285344e-001
3.722098e+003,2.222957e-001
3.725955e+003,2.172042e-001
3.729812e+003,2.140111e-001
3.733669e+003,2.113566e-001
3.737526e+003,2.082235e-001
3.741383e+003,2.054364e-001
3.745240e+003,2.033531e-001
3.749097e+003,2.008743e-001
3.752954e+003,1.988405e-001
3.756812e+003,1.987680e-001
3.760668e+003,1.977716e-001
3.764526e+003,1.961846e-001
3.768383e+003,1.948458e-001
3.772240e+003,1.940110e-001
3.776097e+003,1.937388e-001
3.779954e+003,1.920034e-001
3.783811e+003,1.899031e-001
3.787668e+003,1.885192e-001
3.791525e+003,1.877330e-001
3.795382e+003,1.880947e-001
3.799240e+003,1.892788e-001
3.803097e+003,1.894269e-001
3.806954e+003,1.889699e-001
3.810811e+003,1.879839e-001
3.814668e+003,1.870094e-001
3.818525e+003,1.870528e-001
3.822382e+003,1.867704e-001
3.826239e+003,1.861635e-001
3.830096e+003,1.853943e-001
3.833953e+003,1.861828e-001
3.837811e+003,1.867423e-001
3.841667e+003,1.855214e-001
3.845525e+003,1.845482e-001
3.849382e+003,1.845835e-001
3.853239e+003,1.848019e-001
3.857096e+003,1.850110e-001
3.860953e+003,1.850119e-001
3.864810e+003,1.849406e-001
3.868667e+003,1.838545e-001
3.872524e+003,1.829125e-001
3.876381e+003,1.840175e-001
3.880239e+003,1.850948e-001
3.884096e+003,1.852143e-001
3.887953e+003,1.845484e-001
3.891810e+003,1.839456e-001
3.895667e+003,1.843883e-001
3.899524e+003,1.850798e-001
3.903381e+003,1.846638e-001
3.907238e+003,1.841646e-001
3.911095e+003,1.848641e-001
3.914952e+003,1.847725e-001
3.918810e+003,1.844365e-001
3.922667e+003,1.844963e-001
3.926524e+003,1.838494e-001
3.930381e+003,1.833954e-001
3.934238e+003,1.845518e-001
3.938095e+003,1.849888e-001
3.941952e+003,1.842989e-001
3.945809e+003,1.847198e-001
3.949666e+003,1.848091e-001
3.953523e+003,1.843756e-001
3.957380e+003,1.849066e-001
3.961238e+003,1.858541e-001
3.965094e+003,1.859378e-001
3.968952e+003,1.852205e-001
3.972809e+003,1.843418e-001
3.976666e+003,1.844456e-001
3.980523e+003,1.843001e-001
3.984380e+003,1.839311e-001
3.988237e+003,1.845924e-001
3.992094e+003,1.837576e-001
3.995951e+003,1.826155e-001
3.999808e+003,1.828657e-001
4.003666e+003,1.828011e-001
4.007523e+003,1.828048e-001
4.011380e+003,1.834579e-001
4.015237e+003,1.837893e-001
4.019094e+003,1.833512e-001
4.022951e+003,1.825203e-001
4.026808e+003,1.827842e-001
4.030665e+003,1.832428e-001
4.034522e+003,1.837559e-001
4.038379e+003,1.840267e-001
4.042237e+003,1.839243e-001
4.046094e+003,1.840162e-001
4.049951e+003,1.841699e-001
4.053808e+003,1.835214e-001
4.057665e+003,1.836086e-001
4.061522e+003,1.835313e-001
4.065379e+003,1.831800e-001
4.069236e+003,1.836145e-001
4.073093e+003,1.827719e-001
4.076950e+003,1.820032e-001
4.080807e+003,1.819335e-001
4.084665e+003,1.816405e-001
4.088522e+003,1.808510e-001
4.092379e+003,1.807835e-001
4.096236e+003,1.822032e-001
4.100093e+003,1.832456e-001
4.103950e+003,1.831328e-001
4.107807e+003,1.829313e-001
4.111665e+003,1.821296e-001
4.115521e+003,1.814267e-001
4.119378e+003,1.815963e-001
4.123236e+003,1.812963e-001
4.127093e+003,1.813176e-001
4.130950e+003,1.810854e-001
4.134807e+003,1.805457e-001
4.138664e+003,1.804652e-001
4.142521e+003,1.806511e-001
4.146378e+003,1.813490e-001
4.150235e+003,1.807379e-001
4.154092e+003,1.796875e-001
4.157950e+003,1.805872e-001
4.161807e+003,1.802402e-001
4.165664e+003,1.795172e-001
4.169521e+003,1.815839e-001
4.173378e+003,1.819044e-001
4.177235e+003,1.808225e-001
4.181092e+003,1.814397e-001
4.184949e+003,1.821887e-001
4.188806e+003,1.816637e-001
4.192664e+003,1.816379e-001
4.196521e+003,1.834652e-001
4.200377e+003,1.830902e-001
4.204235e+003,1.813025e-001
4.208092e+003,1.809634e-001
4.211949e+003,1.809014e-001
4.215806e+003,1.808123e-001
4.219663e+003,1.820571e-001
4.223520e+003,1.821377e-001
4.227377e+003,1.821039e-001
4.231234e+003,1.819847e-001
4.235091e+003,1.815206e-001
4.238949e+003,1.821593e-001
4.242806e+003,1.833262e-001
4.246663e+003,1.829457e-001
4.250520e+003,1.826146e-001
4.254377e+003,1.840528e-001
4.258234e+003,1.840090e-001
4.262091e+003,1.844562e-001
4.265948e+003,1.845579e-001
4.269805e+003,1.835181e-001
4.273663e+003,1.833484e-001
4.277520e+003,1.833374e-001
4.281376e+003,1.836927e-001
4.285234e+003,1.841346e-001
4.289091e+003,1.837661e-001
4.292948e+003,1.837869e-001
4.296805e+003,1.854352e-001
4.300662e+003,1.857846e-001
4.304519e+003,1.851062e-001
4.308376e+003,1.837872e-001
4.312233e+003,1.834333e-001
4.316090e+003,1.847151e-001
4.319948e+003,1.862078e-001
4.323805e+003,1.882085e-001
4.327662e+003,1.897085e-001
4.331519e+003,1.898887e-001
4.335376e+003,1.889657e-001
4.339233e+003,1.889185e-001
4.343090e+003,1.906573e-001
4.346947e+003,1.906608e-001
4.350804e+003,1.895037e-001
4.354662e+003,1.892710e-001
4.358519e+003,1.893887e-001
4.362375e+003,1.910808e-001
4.366233e+003,1.921462e-001
4.370090e+003,1.919900e-001
4.373947e+003,1.939262e-001
4.377804e+003,1.951491e-001
4.381661e+003,1.939658e-001
4.385518e+003,1.937585e-001
4.389375e+003,1.950135e-001
4.393232e+003,1.966763e-001
4.397089e+003,1.977319e-001
4.400947e+003,1.977606e-001
4.404804e+003,1.991406e-001
4.408661e+003,1.985532e-001
4.412518e+003,1.978193e-001
4.416375e+003,1.989766e-001
4.420232e+003,1.998634e-001
4.424089e+003,1.987585e-001
4.427946e+003,1.980364e-001
4.431803e+003,1.990514e-001
4.435661e+003,1.990102e-001
4.439518e+003,1.997766e-001
4.443375e+003,2.010307e-001
4.447232e+003,2.012615e-001
4.451089e+003,2.009077e-001
4.454946e+003,2.012047e-001
4.458803e+003,2.019510e-001
4.462660e+003,2.028368e-001
4.466517e+003,2.034797e-001
4.470375e+003,2.035413e-001
4.474231e+003,2.045511e-001
4.478088e+003,2.045916e-001
4.481946e+003,2.042115e-001
4.485803e+003,2.028531e-001
4.489660e+003,2.023965e-001
4.493517e+003,2.030811e-001
4.497374e+003,2.036622e-001
4.501231e+003,2.046947e-001
4.505088e+003,2.046885e-001
4.508945e+003,2.045436e-001
4.512802e+003,2.041455e-001
4.516660e+003,2.026209e-001
4.520517e+003,2.031455e-001
4.524374e+003,2.043073e-001
4.528231e+003,2.035477e-001
4.532088e+003,2.027307e-001
4.535945e+003,2.022216e-001
4.539802e+003,2.027219e-001
4.543659e+003,2.035190e-001
4.547516e+003,2.042918e-001
4.551374e+003,2.048358e-001
4.555230e+003,2.048018e-001
4.559087e+003,2.057611e-001
4.562945e+003,2.045055e-001
4.566802e+003,2.029018e-001
4.570659e+003,2.028238e-001
4.574516e+003,2.052846e-001
4.578373e+003,2.055784e-001
4.582230e+003,2.045363e-001
4.586087e+003,2.062515e-001
4.589944e+003,2.075087e-001
4.593801e+003,2.051123e-001
4.597659e+003,2.011557e-001
4.601516e+003,2.011029e-001
4.605373e+003,2.042352e-001
4.609230e+003,2.049637e-001
4.613087e+003,2.043753e-001
4.616944e+003,2.071381e-001
4.620801e+003,2.075725e-001
4.624658e+003,2.065365e-001
4.628515e+003,2.060060e-001
4.632373e+003,2.061580e-001
4.636229e+003,2.082854e-001
4.640086e+003,2.085115e-001
4.643944e+003,2.071833e-001
4.647801e+003,2.052963e-001
4.651658e+003,2.056332e-001
4.655515e+003,2.070891e-001
4.659372e+003,2.084180e-001
4.663229e+003,2.076871e-001
4.667086e+003,2.075599e-001
4.670943e+003,2.078438e-001
4.674800e+003,2.078590e-001
4.678658e+003,2.084682e-001
4.682515e+003,2.093602e-001
4.686372e+003,2.109563e-001
4.690229e+003,2.128123e-001
4.694086e+003,2.123999e-001
4.697943e+003,2.120817e-001
4.701800e+003,2.127073e-001
4.705657e+003,2.130117e-001
4.709514e+003,2.132064e-001
4.713372e+003,2.135022e-001
4.717229e+003,2.139243e-001
4.721085e+003,2.140584e-001
4.724943e+003,2.133111e-001
4.728800e+003,2.119688e-001
4.732657e+003,2.146596e-001
4.736514e+003,2.165932e-001
4.740371e+003,2.163696e-001
4.744228e+003,2.168522e-001
4.748085e+003,2.162970e-001
4.751942e+003,2.164394e-001
4.755799e+003,2.148601e-001
4.759657e+003,2.150353e-001
4.763514e+003,2.187648e-001
4.767371e+003,2.201468e-001
4.771228e+003,2.190791e-001
4.775085e+003,2.190140e-001
4.778942e+003,2.199236e-001
4.782799e+003,2.198532e-001
4.786656e+003,2.205992e-001
4.790513e+003,2.202379e-001
4.794371e+003,2.197973e-001
4.798228e+003,2.207027e-001
4.802084e+003,2.209486e-001
4.805942e+003,2.211237e-001
4.809799e+003,2.216139e-001
4.813656e+003,2.211628e-001
4.817513e+003,2.208936e-001
4.821370e+003,2.213330e-001
4.825227e+003,2.213003e-001
4.829084e+003,2.213484e-001
4.832941e+003,2.219518e-001
4.836798e+003,2.233126e-001
4.840656e+003,2.243875e-001
4.844513e+003,2.267579e-001
4.848370e+003,2.261670e-001
4.852227e+003,2.249606e-001
4.856084e+003,2.252354e-001
4.859941e+003,2.238010e-001
4.863798e+003,2.248744e-001
4.867655e+003,2.260231e-001
4.871512e+003,2.243920e-001
4.875370e+003,2.256501e-001
4.879227e+003,2.287622e-001
4.883083e+003,2.278442e-001
4.886941e+003,2.261995e-001
4.890798e+003,2.263351e-001
4.894655e+003,2.269671e-001
4.898512e+003,2.278003e-001
4.902369e+003,2.303958e-001
4.906226e+003,2.319651e-001
4.910083e+003,2.295316e-001
4.913940e+003,2.267779e-001
4.917797e+003,2.272625e-001
4.921655e+003,2.278200e-001
4.925512e+003,2.299938e-001
4.929369e+003,2.306143e-001
4.933226e+003,2.310797e-001
4.937083e+003,2.324282e-001
4.940940e+003,2.323187e-001
4.944797e+003,2.329115e-001
4.948654e+003,2.340047e-001
4.952511e+003,2.345257e-001
4.956369e+003,2.339069e-001
4.960226e+003,2.333627e-001
4.964083e+003,2.334826e-001
4.967940e+003,2.331382e-001
4.971797e+003,2.324623e-001
4.975654e+003,2.338979e-001
4.979511e+003,2.365112e-001
4.983368e+003,2.364312e-001
4.987225e+003,2.362898e-001
4.991083e+003,2.352224e-001
4.994939e+003,2.354527e-001
4.998796e+003,2.389009e-001
5.002654e+003,2.395527e-001
5.006511e+003,2.396759e-001
5.010368e+003,2.411742e-001
5.014225e+003,2.429726e-001
5.018082e+003,2.419344e-001
5.021939e+003,2.380751e-001
5.025796e+003,2.365037e-001
5.029653e+003,2.389973e-001
5.033510e+003,2.424776e-001
5.037368e+003,2.424409e-001
5.041225e+003,2.428570e-001
5.045082e+003,2.434570e-001
5.048939e+003,2.419976e-001
5.052796e+003,2.408832e-001
5.056653e+003,2.386225e-001
5.060510e+003,2.385287e-001
5.064367e+003,2.442726e-001
5.068224e+003,2.469313e-001
5.072082e+003,2.450004e-001
5.075938e+003,2.440828e-001
5.079795e+003,2.433895e-001
5.083653e+003,2.436279e-001
5.087510e+003,2.462591e-001
5.091367e+003,2.487427e-001
5.095224e+003,2.490127e-001
5.099081e+003,2.464198e-001
5.102938e+003,2.438625e-001
5.106795e+003,2.438524e-001
5.110652e+003,2.448516e-001
5.114509e+003,2.444291e-001
5.118367e+003,2.470669e-001
5.122224e+003,2.475814e-001
5.126081e+003,2.475757e-001
5.129938e+003,2.513435e-001
5.133795e+003,2.526954e-001
5.137652e+003,2.503749e-001
5.141509e+003,2.470022e-001
5.145366e+003,2.490420e-001
5.149223e+003,2.524677e-001
5.153081e+003,2.520427e-001
5.156938e+003,2.517801e-001
5.160794e+003,2.521607e-001
5.164652e+003,2.529861e-001
5.168509e+003,2.526751e-001
5.172366e+003,2.523632e-001
5.176223e+003,2.531936e-001
5.180080e+003,2.543952e-001
5.183937e+003,2.533709e-001
5.187794e+003,2.507991e-001
5.191651e+003,2.521350e-001
5.195508e+003,2.535145e-001
5.199366e+003,2.547784e-001
5.203223e+003,2.560167e-001
5.207080e+003,2.554115e-001
5.210937e+003,2.550154e-001
5.214794e+003,2.566601e-001
5.218651e+003,2.556778e-001
5.222508e+003,2.542420e-001
5.226365e+003,2.551622e-001
5.230222e+003,2.546267e-001
5.234080e+003,2.525612e-001
5.237937e+003,2.524776e-001
5.241793e+003,2.521573e-001
5.245651e+003,2.504191e-001
5.249508e+003,2.488795e-001
5.253365e+003,2.472614e-001
5.257222e+003,2.466897e-001
5.261079e+003,2.483595e-001
5.264936e+003,2.489603e-001
5.268793e+003,2.492426e-001
5.272650e+003,2.489886e-001
5.276507e+003,2.481801e-001
5.280365e+003,2.463128e-001
5.284222e+003,2.471995e-001
5.288079e+003,2.481328e-001
5.291936e+003,2.483271e-001
5.295793e+003,2.518040e-001
5.299650e+003,2.529183e-001
5.303507e+003,2.500250e-001
5.307364e+003,2.475809e-001
5.311221e+003,2.451634e-001
5.315079e+003,2.443013e-001
5.318936e+003,2.468529e-001
5.322792e+003,2.475329e-001
5.326650e+003,2.464516e-001
5.330507e+003,2.452797e-001
5.334364e+003,2.465986e-001
5.338221e+003,2.491807e-001
5.342078e+003,2.489170e-001
5.345935e+003,2.470469e-001
5.349792e+003,2.465531e-001
5.353649e+003,2.468974e-001
5.357506e+003,2.459802e-001
5.361364e+003,2.457636e-001
5.365221e+003,2.455123e-001
5.369078e+003,2.451857e-001
5.372935e+003,2.459630e-001
5.376792e+003,2.457503e-001
5.380649e+003,2.461683e-001
5.384506e+003,2.443945e-001
5.388363e+003,2.423965e-001
5.392220e+003,2.443707e-001
5.396078e+003,2.477376e-001
5.399935e+003,2.499725e-001
5.403792e+003,2.514345e-001
5.407649e+003,2.503485e-001
5.411506e+003,2.497354e-001
5.415363e+003,2.505008e-001
5.419220e+003,2.493053e-001
5.423077e+003,2.482269e-001
5.426934e+003,2.507964e-001
5.430792e+003,2.484603e-001
5.434648e+003,2.459153e-001
5.438505e+003,2.465853e-001
5.442363e+003,2.454090e-001
5.446220e+003,2.464436e-001
5.450077e+003,2.469041e-001
5.453934e+003,2.476277e-001
5.457791e+003,2.475965e-001
5.461648e+003,2.460398e-001
5.465505e+003,2.463491e-001
5.469362e+003,2.454983e-001
5.473219e+003,2.463769e-001
5.477077e+003,2.467521e-001
5.480934e+003,2.469205e-001
5.484791e+003,2.507719e-001
5.488648e+003,2.496734e-001
5.492505e+003,2.460233e-001
5.496362e+003,2.492876e-001
5.500219e+003,2.512890e-001
5.504076e+003,2.474164e-001
5.507933e+003,2.468665e-001
5.511791e+003,2.471880e-001
5.515647e+003,2.461011e-001
5.519504e+003,2.475304e-001
5.523362e+003,2.503305e-001
5.527219e+003,2.509439e-001
5.531076e+003,2.506070e-001
5.534933e+003,2.489435e-001
5.538790e+003,2.476737e-001
5.542647e+003,2.495129e-001
5.546504e+003,2.515253e-001
5.550361e+003,2.508614e-001
5.554218e+003,2.491641e-001
5.558076e+003,2.483438e-001
5.561933e+003,2.502059e-001
5.565790e+003,2.499767e-001
5.569647e+003,2.472625e-001
5.573504e+003,2.440024e-001
5.577361e+003,2.421968e-001
5.581218e+003,2.448329e-001
5.585075e+003,2.492320e-001
5.588932e+003,2.488135e-001
5.592790e+003,2.467240e-001
5.596646e+003,2.475306e-001
5.600503e+003,2.511088e-001
5.604361e+003,2.507387e-001
5.608218e+003,2.478535e-001
5.612075e+003,2.466591e-001
5.615932e+003,2.473343e-001
5.619789e+003,2.491115e-001
5.623646e+003,2.482988e-001
5.627503e+003,2.469248e-001
5.631360e+003,2.478647e-001
5.635217e+003,2.484514e-001
5.639075e+003,2.455470e-001
5.642932e+003,2.420566e-001
5.646789e+003,2.425350e-001
5.650646e+003,2.454534e-001
5.654503e+003,2.476704e-001
5.658360e+003,2.456338e-001
5.662217e+003,2.445735e-001
5.666074e+003,2.466811e-001
5.669931e+003,2.467738e-001
5.673789e+003,2.447254e-001
5.677646e+003,2.417458e-001
5.681502e+003,2.423414e-001
5.685360e+003,2.451425e-001
5.689217e+003,2.462660e-001
5.693074e+003,2.466852e-001
5.696931e+003,2.463767e-001
5.700788e+003,2.458920e-001
5.704645e+003,2.432803e-001
5.708502e+003,2.399889e-001
5.712359e+003,2.391100e-001
5.716216e+003,2.415581e-001
5.720074e+003,2.450642e-001
5.723931e+003,2.455480e-001
5.727788e+003,2.431770e-001
5.731645e+003,2.448597e-001
5.735502e+003,2.469727e-001
5.739359e+003,2.461091e-001
5.743216e+003,2.443077e-001
5.747073e+003,2.441262e-001
5.750930e+003,2.476574e-001
5.754788e+003,2.478070e-001
5.758645e+003,2.478778e-001
5.762501e+003,2.461266e-001
5.766359e+003,2.439012e-001
5.770216e+003,2.428421e-001
5.774073e+003,2.442442e-001
5.777930e+003,2.427436e-001
5.781787e+003,2.406530e-001
5.785644e+003,2.395070e-001
5.789501e+003,2.394332e-001
5.793358e+003,2.397485e-001
5.797215e+003,2.390784e-001
5.801073e+003,2.387037e-001
5.804930e+003,2.370686e-001
5.808787e+003,2.359993e-001
5.812644e+003,2.357639e-001
5.816501e+003,2.382626e-001
5.820358e+003,2.371854e-001
5.824215e+003,2.369148e-001
5.828072e+003,2.389211e-001
5.831929e+003,2.413602e-001
5.835787e+003,2.405077e-001
5.839644e+003,2.342177e-001
5.843500e+003,2.309944e-001
5.847358e+003,2.335423e-001
5.851215e+003,2.360093e-001
5.855072e+003,2.359343e-001
5.858929e+003,2.361162e-001
5.862786e+003,2.373400e-001
5.866643e+003,2.365153e-001
5.870500e+003,2.372744e-001
5.874357e+003,2.377508e-001
5.878214e+003,2.391284e-001
5.882072e+003,2.399977e-001
5.885929e+003,2.422144e-001
5.889786e+003,2.437260e-001
5.893643e+003,2.381915e-001
5.897500e+003,2.366937e-001
5.901357e+003,2.373792e-001
5.905214e+003,2.362198e-001
5.909071e+003,2.360119e-001
5.912928e+003,2.362177e-001
5.916786e+003,2.392952e-001
5.920643e+003,2.406256e-001
5.924500e+003,2.384821e-001
5.928357e+003,2.367841e-001
5.932214e+003,2.345530e-001
5.936071e+003,2.339051e-001
5.939928e+003,2.341243e-001
5.943785e+003,2.384145e-001
5.947642e+003,2.371071e-001
5.951499e+003,2.326881e-001
5.955356e+003,2.345915e-001
5.959213e+003,2.375989e-001
5.963070e+003,2.359258e-001
5.966928e+003,2.345998e-001
5.970785e+003,2.317370e-001
5.974642e+003,2.292097e-001
5.978499e+003,2.348204e-001
5.982356e+003,2.377886e-001
5.986213e+003,2.359441e-001
5.990070e+003,2.350965e-001
5.993927e+003,2.339979e-001
5.997784e+003,2.318654e-001
6.001642e+003,2.281006e-001
6.005499e+003,2.246053e-001
6.009355e+003,2.282172e-001
6.013213e+003,2.288419e-001
6.017070e+003,2.280120e-001
6.020927e+003,2.303819e-001
6.024784e+003,2.292919e-001
6.028641e+003,2.292162e-001
6.032498e+003,2.304744e-001
6.036355e+003,2.287384e-001
6.040212e+003,2.284232e-001
6.044069e+003,2.291824e-001
6.047927e+003,2.260979e-001
6.051784e+003,2.274690e-001
6.055641e+003,2.328689e-001
6.059498e+003,2.304130e-001
6.063355e+003,2.297356e-001
6.067212e+003,2.296757e-001
6.071069e+003,2.280423e-001
6.074926e+003,2.305178e-001
6.078783e+003,2.309152e-001
6.082641e+003,2.278950e-001
6.086498e+003,2.268867e-001
6.090354e+003,2.262980e-001
6.094212e+003,2.266563e-001
6.098069e+003,2.280135e-001
6.101926e+003,2.273830e-001
6.105783e+003,2.275354e-001
6.109640e+003,2.307803e-001
6.113497e+003,2.286435e-001
6.117354e+003,2.268509e-001
6.121211e+003,2.258768e-001
6.125068e+003,2.249299e-001
6.128926e+003,2.250723e-001
6.132783e+003,2.263916e-001
6.136640e+003,2.267151e-001
6.140497e+003,2.234548e-001
6.144354e+003,2.225689e-001
6.148211e+003,2.256876e-001
6.152068e+003,2.268635e-001
6.155925e+003,2.266888e-001
6.159782e+003,2.288105e-001
6.163640e+003,2.283373e-001
6.167497e+003,2.255272e-001
6.171354e+003,2.247335e-001
6.175211e+003,2.289493e-001
6.179068e+003,2.245231e-001
6.182925e+003,2.210715e-001
6.186782e+003,2.244961e-001
6.190639e+003,2.262150e-001
6.194496e+003,2.227307e-001
6.198354e+003,2.173815e-001
6.202210e+003,2.169683e-001
6.206067e+003,2.176235e-001
6.209925e+003,2.170599e-001
6.213782e+003,2.206557e-001
6.217639e+003,2.222387e-001
6.221496e+003,2.231144e-001
6.225353e+003,2.214458e-001
6.229210e+003,2.218480e-001
6.233067e+003,2.214903e-001
6.236924e+003,2.210371e-001
6.240781e+003,2.218268e-001
6.244639e+003,2.235493e-001
6.248496e+003,2.222627e-001
6.252353e+003,2.209084e-001
6.256210e+003,2.168822e-001
6.260067e+003,2.177863e-001
6.263924e+003,2.238336e-001
6.267781e+003,2.231145e-001
6.271638e+003,2.175920e-001
6.275495e+003,2.201243e-001
6.279353e+003,2.196310e-001
6.283209e+003,2.165649e-001
6.287066e+003,2.164405e-001
6.290924e+003,2.194649e-001
6.294781e+003,2.188476e-001
6.298638e+003,2.119687e-001
6.302495e+003,2.101155e-001
6.306352e+003,2.140214e-001
6.310209e+003,2.147020e-001
6.314066e+003,2.153602e-001
6.317923e+003,2.165436e-001
6.321780e+003,2.131864e-001
6.325638e+003,2.114405e-001
6.329495e+003,2.155072e-001
6.333352e+003,2.177965e-001
6.337209e+003,2.195284e-001
6.341066e+003,2.197804e-001
6.344923e+003,2.177538e-001
6.348780e+003,2.144333e-001
6.352637e+003,2.113718e-001
6.356494e+003,2.095851e-001
6.360352e+003,2.101638e-001
6.364208e+003,2.087052e-001
6.368065e+003,2.055039e-001
6.371923e+003,2.068245e-001
6.375780e+003,2.101211e-001
6.379637e+003,2.125495e-001
6.383494e+003,2.102108e-001
6.387351e+003,2.053490e-001
6.391208e+003,2.065644e-001
6.395065e+003,2.070941e-001
6.398922e+003,2.096655e-001
6.402779e+003,2.135985e-001
6.406637e+003,2.144846e-001
6.410494e+003,2.142873e-001
6.414351e+003,2.070317e-001
6.418208e+003,2.036343e-001
6.422065e+003,2.086282e-001
6.425922e+003,2.107355e-001
6.429779e+003,2.058256e-001
6.433636e+003,2.008713e-001
6.437493e+003,2.025617e-001
6.441351e+003,2.049969e-001
6.445208e+003,2.052516e-001
6.449064e+003,2.056986e-001
6.452922e+003,2.076255e-001
6.456779e+003,2.065050e-001
6.460636e+003,2.014090e-001
6.464493e+003,1.999663e-001
6.468350e+003,2.018345e-001
6.472207e+003,2.004265e-001
6.476064e+003,1.979438e-001
6.479921e+003,1.993827e-001
6.483778e+003,2.040778e-001
6.487636e+003,2.017800e-001
6.491493e+003,1.976596e-001
6.495350e+003,2.019253e-001
6.499207e+003,2.108755e-001
6.503064e+003,2.106781e-001
6.506921e+003,2.059129e-001
6.510778e+003,2.058604e-001
6.514635e+003,2.119127e-001
6.518492e+003,2.143157e-001
6.522350e+003,2.052497e-001
6.526207e+003,2.005917e-001
6.530063e+003,1.981491e-001
6.533921e+003,2.026865e-001
6.537778e+003,2.123796e-001
6.541635e+003,2.082789e-001
6.545492e+003,2.029773e-001
6.549349e+003,2.061603e-001
6.553206e+003,2.057051e-001
6.557063e+003,2.061013e-001
6.560920e+003,2.040065e-001
6.564777e+003,1.996327e-001
6.568635e+003,2.011458e-001
6.572492e+003,2.072415e-001
6.576349e+003,2.070455e-001
6.580206e+003,2.034563e-001
6.584063e+003,2.064913e-001
6.587920e+003,2.082737e-001
6.591777e+003,2.052800e-001
6.595634e+003,2.015470e-001
6.599491e+003,1.993228e-001
6.603349e+003,1.993514e-001
6.607206e+003,2.017924e-001
6.611063e+003,2.045017e-001
6.614920e+003,2.062393e-001
6.618777e+003,2.022757e-001
6.622634e+003,1.951166e-001
6.626491e+003,2.031805e-001
6.630348e+003,2.111891e-001
6.634205e+003,2.057996e-001
6.638063e+003,1.970518e-001
6.641919e+003,1.976532e-001
6.645776e+003,2.023729e-001
6.649634e+003,1.995898e-001
6.653491e+003,1.997924e-001
6.657348e+003,2.019907e-001
6.661205e+003,2.010227e-001
6.665062e+003,2.003362e-001
6.668919e+003,2.020749e-001
6.672776e+003,1.978230e-001
6.676633e+003,1.984478e-001
6.680490e+003,2.035496e-001
6.684348e+003,2.054124e-001
6.688205e+003,2.070673e-001
6.692062e+003,1.993266e-001
6.695919e+003,1.974682e-001
6.699776e+003,2.010748e-001
6.703633e+003,1.980493e-001
6.707490e+003,1.986347e-001
6.711347e+003,2.017911e-001
6.715204e+003,2.013754e-001
6.719062e+003,1.976795e-001
6.722918e+003,1.987714e-001
6.726775e+003,1.953325e-001
6.730633e+003,1.928207e-001
6.734490e+003,1.991580e-001
6.738347e+003,1.963350e-001
6.742204e+003,1.891162e-001
6.746061e+003,1.914187e-001
6.749918e+003,1.939819e-001
6.753775e+003,1.973872e-001
6.757632e+003,2.013382e-001
6.761489e+003,1.949311e-001
6.765347e+003,1.961354e-001
6.769204e+003,2.021376e-001
6.773061e+003,2.047656e-001
6.776918e+003,2.018215e-001
6.780775e+003,1.948343e-001
6.784632e+003,1.990394e-001
6.788489e+003,2.005687e-001
6.792346e+003,1.933156e-001
6.796203e+003,1.947321e-001
6.800061e+003,1.994971e-001
6.803917e+003,2.015817e-001
6.807774e+003,2.074526e-001
6.811632e+003,2.057000e-001
6.815489e+003,1.944589e-001
6.819346e+003,1.952697e-001
6.823203e+003,2.014958e-001
6.827060e+003,1.993117e-001
6.830917e+003,1.990571e-001
6.834774e+003,2.043548e-001
6.838631e+003,2.089302e-001
6.842488e+003,2.084573e-001
6.846346e+003,2.006672e-001
6.850203e+003,2.004288e-001
6.854060e+003,1.991480e-001
6.857917e+003,1.965439e-001
6.861774e+003,2.013406e-001
6.865631e+003,2.037852e-001
6.869488e+003,2.033370e-001
6.873345e+003,2.068499e-001
6.877202e+003,2.021869e-001
6.881060e+003,1.951271e-001
6.884917e+003,1.983884e-001
6.888773e+003,1.963295e-001
6.892631e+003,1.887401e-001
6.896488e+003,1.935071e-001
6.900345e+003,1.956867e-001
6.904202e+003,1.971862e-001
6.908059e+003,2.043552e-001
6.911916e+003,2.084502e-001
6.915773e+003,2.092404e-001
6.919630e+003,2.149845e-001
6.923487e+003,2.116959e-001
6.927345e+003,2.062115e-001
6.931202e+003,2.084350e-001
6.935059e+003,2.087875e-001
6.938916e+003,2.094965e-001
6.942773e+003,2.141166e-001
6.946630e+003,2.091138e-001
6.950487e+003,2.045907e-001
6.954344e+003,1.999926e-001
6.958201e+003,1.934250e-001
6.962059e+003,1.956404e-001
6.965916e+003,2.043846e-001
6.969772e+003,2.055304e-001
6.973630e+003,1.981335e-001
6.977487e+003,1.938268e-001
6.981344e+003,1.931846e-001
6.985201e+003,1.970198e-001
6.989058e+003,1.903266e-001
6.992915e+003,1.934969e-001
6.996772e+003,2.042463e-001
7.000629e+003,2.062913e-001
7.004486e+003,1.999882e-001
7.008344e+003,1.972863e-001
7.012201e+003,1.998186e-001
7.016058e+003,2.059310e-001
7.019915e+003,2.008560e-001
7.023772e+003,2.023293e-001
7.027629e+003,1.968026e-001
7.031486e+003,1.946981e-001
7.035343e+003,1.991299e-001
7.039200e+003,2.000442e-001
7.043058e+003,2.013077e-001
7.046915e+003,2.017488e-001
7.050771e+003,1.970977e-001
7.054629e+003,2.043673e-001
7.058486e+003,2.086038e-001
7.062343e+003,2.083297e-001
7.066200e+003,2.071471e-001
7.070057e+003,2.060878e-001
7.073914e+003,2.092675e-001
7.077771e+003,2.090018e-001
7.081628e+003,2.051636e-001
7.085485e+003,2.047108e-001
7.089343e+003,2.047366e-001
7.093200e+003,2.015797e-001
7.097057e+003,1.980351e-001
7.100914e+003,1.970817e-001
7.104771e+003,1.956391e-001
7.108628e+003,2.037678e-001
7.112485e+003,2.149879e-001
7.116342e+003,2.262754e-001
7.120199e+003,2.216037e-001
7.124057e+003,2.072215e-001
7.127914e+003,2.088569e-001
7.131771e+003,2.123847e-001
7.135628e+003,2.107294e-001
7.139485e+003,2.068592e-001
7.143342e+003,1.955380e-001
7.147199e+003,1.971271e-001
7.151056e+003,2.056119e-001
7.154913e+003,2.064249e-001
7.158771e+003,2.025982e-001
7.162627e+003,2.032889e-001
7.166484e+003,2.078989e-001
7.170342e+003,2.068228e-001
7.174199e+003,2.056815e-001
7.178056e+003,2.010024e-001
7.181913e+003,1.911132e-001
7.185770e+003,1.978255e-001
7.189627e+003,2.013082e-001
7.193484e+003,2.014717e-001
7.197341e+003,2.089311e-001
7.201198e+003,2.060424e-001
7.205056e+003,2.071764e-001
7.208913e+003,2.083697e-001
7.212770e+003,2.147168e-001
7.216627e+003,2.155925e-001
7.220484e+003,2.023831e-001
7.224341e+003,2.064018e-001
7.228198e+003,2.144899e-001
7.232055e+003,2.074751e-001
7.235912e+003,2.020422e-001
7.239770e+003,2.063388e-001
7.243626e+003,2.106076e-001
7.247483e+003,2.082049e-001
7.251341e+003,2.143130e-001
7.255198e+003,2.270781e-001
7.259055e+003,2.197018e-001
7.262912e+003,2.070607e-001
7.266769e+003,2.037190e-001
7.270626e+003,2.138049e-001
7.274483e+003,2.162136e-001
7.278340e+003,2.193747e-001
7.282197e+003,2.128814e-001
7.286055e+003,2.069916e-001
7.289912e+003,2.027768e-001
7.293769e+003,1.989609e-001
7.297626e+003,1.958059e-001
7.301483e+003,1.916791e-001
7.305340e+003,1.868971e-001
7.309197e+003,1.909991e-001
7.313054e+003,1.997211e-001
7.316911e+003,1.976055e-001
7.320769e+003,1.999114e-001
7.324625e+003,2.039965e-001
7.328482e+003,1.990800e-001
7.332340e+003,1.970039e-001
7.336197e+003,1.958677e-001
7.340054e+003,1.964999e-001
7.343911e+003,1.931652e-001
7.347768e+003,1.973090e-001
7.351625e+003,2.072919e-001
7.355482e+003,2.062024e-001
7.359339e+003,2.052059e-001
7.363196e+003,1.899491e-001
7.367054e+003,1.960277e-001
7.370911e+003,2.084205e-001
7.374768e+003,1.998783e-001
7.378625e+003,1.845538e-001
7.382482e+003,1.892558e-001
7.386339e+003,2.032056e-001
7.390196e+003,2.079232e-001
7.394053e+003,2.131143e-001
7.397910e+003,2.054668e-001
7.401768e+003,1.932938e-001
7.405625e+003,1.993899e-001
7.409481e+003,2.020225e-001
7.413339e+003,1.941538e-001
7.417196e+003,1.963252e-001
7.421053e+003,2.033595e-001
7.424910e+003,1.995730e-001
7.428767e+003,1.964292e-001
7.432624e+003,1.864506e-001
7.436481e+003,1.822986e-001
7.440338e+003,1.979351e-001
7.444195e+003,2.026161e-001
7.448053e+003,2.085240e-001
7.451910e+003,2.103553e-001
7.455767e+003,2.055609e-001
7.459624e+003,2.048827e-001
7.463481e+003,1.976449e-001
7.467338e+003,1.958071e-001
7.471195e+003,2.090219e-001
7.475052e+003,2.037323e-001
7.478909e+003,2.075071e-001
7.482767e+003,2.111432e-001
7.486624e+003,2.114782e-001
7.490480e+003,2.207597e-001
7.494338e+003,2.174629e-001
7.498195e+003,1.987474e-001
7.502052e+003,2.034787e-001
7.505909e+003,2.046386e-001
7.509766e+003,1.884615e-001
7.513623e+003,1.943913e-001
7.517480e+003,1.996688e-001
7.521337e+003,2.064832e-001
7.525194e+003,2.156466e-001
7.529051e+003,2.060226e-001
7.532909e+003,1.961853e-001
7.536766e+003,2.067510e-001
7.540623e+003,2.167004e-001
7.544480e+003,2.157072e-001
7.548337e+003,2.041846e-001
7.552194e+003,2.004076e-001
7.556051e+003,2.058448e-001
7.559908e+003,2.097198e-001
7.563765e+003,2.019112e-001
7.567623e+003,2.046866e-001
7.571479e+003,2.077187e-001
7.575336e+003,1.945546e-001
7.579194e+003,2.050713e-001
7.583051e+003,2.281143e-001
7.586908e+003,2.260515e-001
7.590765e+003,2.385838e-001
7.594622e+003,2.230833e-001
7.598479e+003,2.018490e-001
7.602336e+003,2.334448e-001
7.606193e+003,2.387668e-001
7.610050e+003,2.248909e-001
7.613908e+003,2.263418e-001
7.617765e+003,2.211196e-001
7.621622e+003,2.106804e-001
7.625479e+003,2.139761e-001
7.629336e+003,2.209880e-001
7.633193e+003,2.257239e-001
7.637050e+003,2.181585e-001
7.640907e+003,2.105118e-001
7.644764e+003,2.059786e-001
7.648622e+003,2.022603e-001
7.652479e+003,2.141894e-001
7.656335e+003,2.305315e-001
7.660193e+003,2.365808e-001
7.664050e+003,2.525182e-001
7.667907e+003,2.401624e-001
7.671764e+003,2.127537e-001
7.675621e+003,2.308206e-001
7.679478e+003,2.335829e-001
7.683335e+003,2.172445e-001
7.687192e+003,2.028576e-001
7.691049e+003,2.103911e-001
7.694907e+003,2.341904e-001
7.698764e+003,2.296769e-001
7.702621e+003,2.400983e-001
7.706478e+003,2.237236e-001
7.710335e+003,1.963771e-001
7.714192e+003,2.132667e-001
7.718049e+003,2.313891e-001
7.721906e+003,2.337969e-001
7.725763e+003,2.378754e-001
7.729621e+003,2.229944e-001
7.733478e+003,2.149703e-001
7.737334e+003,2.182022e-001
7.741192e+003,2.044725e-001
7.745049e+003,2.106252e-001
7.748906e+003,2.285107e-001
7.752763e+003,2.232887e-001
7.756620e+003,2.086827e-001
7.760477e+003,2.122965e-001
7.764334e+003,2.128681e-001
7.768191e+003,2.224440e-001
7.772048e+003,2.414595e-001
7.775906e+003,2.402914e-001
7.779763e+003,2.176722e-001
7.783620e+003,2.212003e-001
7.787477e+003,2.345356e-001
7.791334e+003,2.304192e-001
7.795191e+003,2.285983e-001
7.799048e+003,2.228099e-001
7.802905e+003,2.215035e-001
7.806762e+003,2.351321e-001
7.810620e+003,2.320486e-001
7.814477e+003,2.152788e-001
7.818333e+003,2.073895e-001
7.822191e+003,2.125696e-001
7.826048e+003,2.292397e-001
7.829905e+003,2.480585e-001
7.833762e+003,2.649353e-001
7.837619e+003,2.755646e-001
7.841476e+003,2.341180e-001
7.845333e+003,2.206495e-001
7.849190e+003,2.227855e-001
7.853047e+003,2.331303e-001
7.856905e+003,2.110147e-001
7.860762e+003,1.813960e-001
7.864619e+003,1.922197e-001
7.868476e+003,2.254200e-001
7.872333e+003,2.175868e-001
7.876190e+003,2.200320e-001
7.880047e+003,2.169605e-001
7.883904e+003,2.066362e-001
7.887761e+003,2.282595e-001
7.891619e+003,2.452802e-001
7.895476e+003,2.385894e-001
7.899333e+003,2.139318e-001
7.903190e+003,2.024069e-001
7.907047e+003,2.455667e-001
7.910904e+003,2.614721e-001
7.914761e+003,2.443043e-001
7.918618e+003,2.121577e-001
7.922475e+003,2.138324e-001
7.926333e+003,2.395118e-001
7.930189e+003,2.416715e-001
7.934046e+003,2.373163e-001
7.937904e+003,2.699509e-001
7.941761e+003,2.648152e-001
7.945618e+003,2.300605e-001
7.949475e+003,2.137908e-001
7.953332e+003,2.282459e-001
7.957189e+003,2.360674e-001
7.961046e+003,2.509536e-001
7.964903e+003,2.146618e-001
7.968760e+003,2.000958e-001
7.972618e+003,2.405517e-001
7.976475e+003,2.593595e-001
7.980332e+003,2.546768e-001
7.984189e+003,2.330702e-001
7.988046e+003,2.394252e-001
7.991903e+003,2.378087e-001
7.995760e+003,2.414770e-001
7.999617e+003,2.572526e-001
